Sample,pubDate,SP500_Close_Predicted,SP500_Close_Actual,SP500_Close_Error,Two_Days_Later_Close_Predicted,Two_Days_Later_Close_Actual,Two_Days_Later_Close_Error
0,2024-11-07 15:51:33,5781.2236,5973.10009765625,191.87646484375,5789.3447,5995.5400390625,206.1953125
1,2024-10-14 06:00:02,5888.4185,5859.85009765625,28.568359375,5895.835,5842.47021484375,53.36474609375
2,2024-11-06 11:16:31,5977.472,5929.0400390625,48.43212890625,5978.442,5995.5400390625,17.09814453125
3,2024-11-26 14:00:42,5850.4297,6021.6298828125,171.2001953125,5860.5156,5998.740234375,138.224609375
4,2024-09-24 10:40:18,5800.444,5732.93017578125,67.513671875,5810.227,5745.3701171875,64.85693359375
5,2024-11-21 05:01:03,5781.649,5948.7099609375,167.06103515625,5789.7954,5969.33984375,179.54443359375
6,2024-11-18 08:03:14,5796.725,5893.6201171875,96.89501953125,5806.026,5917.10986328125,111.083984375
7,2024-09-16 02:07:00,5732.4253,5633.08984375,99.33544921875,5738.048,5618.259765625,119.7880859375
8,2024-11-16 15:39:09,5916.656,5870.6201171875,46.03564453125,5922.014,5893.6201171875,28.39404296875
9,2024-10-10 08:00:00,5827.3105,5780.0498046875,47.2607421875,5838.2393,5815.02978515625,23.20947265625
10,2024-10-15 13:09:34,5950.872,5815.259765625,135.6123046875,5953.7573,5841.47021484375,112.287109375
11,2024-11-05 09:10:00,5809.0684,5782.759765625,26.30859375,5819.9336,5973.10009765625,153.16650390625
12,2024-11-13 08:00:00,5801.876,5985.3798828125,183.50390625,5811.8374,5870.6201171875,58.78271484375
13,2024-10-08 15:46:28,5761.699,5751.1298828125,10.5693359375,5768.7075,5780.0498046875,11.34228515625
14,2024-09-27 13:00:30,5864.278,5738.169921875,126.10791015625,5873.4463,5738.169921875,135.2763671875
15,2024-09-17 15:05:00,5794.494,5634.580078125,159.9140625,5803.549,5713.64013671875,89.90869140625
16,2024-11-18 07:00:00,5793.1274,5893.6201171875,100.49267578125,5802.0317,5917.10986328125,115.078125
17,2024-11-04 08:39:19,5861.9375,5712.68994140625,149.24755859375,5871.2627,5929.0400390625,57.77734375
18,2024-10-06 21:30:00,5781.443,5751.06982421875,30.373046875,5789.577,5751.1298828125,38.447265625
19,2024-10-31 08:08:38,5863.673,5705.4501953125,158.22265625,5872.8804,5728.7998046875,144.08056640625
20,2024-09-26 08:00:00,5923.261,5745.3701171875,177.89111328125,5928.1377,5738.169921875,189.9677734375
21,2024-10-27 10:00:00,5773.123,5808.1201171875,34.9970703125,5780.7593,5832.919921875,52.16064453125
22,2024-11-04 06:00:00,5811.0894,5712.68994140625,98.3994140625,5822.205,5929.0400390625,106.8349609375
23,2024-11-26 17:32:00,5775.2095,6021.6298828125,246.42041015625,5782.97,5998.740234375,215.77001953125
24,2024-11-26 17:36:09,5920.9263,6021.6298828125,100.70361328125,5925.974,5998.740234375,72.76611328125
25,2024-10-08 06:20:25,5748.5923,5751.1298828125,2.53759765625,5754.98,5780.0498046875,25.06982421875
26,2024-11-26 14:01:07,5942.173,6021.6298828125,79.45703125,5945.6875,5998.740234375,53.052734375
27,2024-10-29 10:12:23,5776.8228,5832.919921875,56.09716796875,5784.68,5705.4501953125,79.22998046875
28,2024-09-16 15:00:44,5930.6606,5633.08984375,297.57080078125,5935.0044,5618.259765625,316.74462890625
29,2024-10-23 14:39:06,5781.4517,5797.419921875,15.96826171875,5789.586,5808.1201171875,18.5341796875
30,2024-09-25 15:54:29,5812.638,5722.259765625,90.37841796875,5824.065,5738.169921875,85.89501953125
31,2024-11-13 21:39:00,5913.933,5985.3798828125,71.44677734375,5919.4893,5870.6201171875,48.869140625
32,2024-11-14 02:42:49,5779.3945,5949.169921875,169.775390625,5787.406,5870.6201171875,83.21435546875
33,2024-11-19 06:32:33,5920.8833,5916.97998046875,3.9033203125,5925.9346,5948.7099609375,22.775390625
34,2024-10-02 14:38:26,5723.526,5709.5400390625,13.98583984375,5728.7266,5751.06982421875,22.34326171875
35,2024-10-05 15:05:00,5807.292,5751.06982421875,56.22216796875,5817.9316,5695.93994140625,121.99169921875
36,2024-11-06 11:15:09,5950.5728,5929.0400390625,21.53271484375,5953.4824,5995.5400390625,42.0576171875
37,2024-10-14 13:22:09,5807.7305,5859.85009765625,52.11962890625,5818.426,5842.47021484375,24.04443359375
38,2024-10-24 16:02:00,5934.5615,5809.85986328125,124.70166015625,5938.624,5808.1201171875,130.50390625
39,2024-11-25 18:40:10,5800.658,5987.3701171875,186.7119140625,5810.468,5998.740234375,188.2724609375
40,2024-10-05 15:12:00,5866.02,5751.06982421875,114.9501953125,5875.071,5695.93994140625,179.130859375
41,2024-11-21 04:15:09,5882.4355,5948.7099609375,66.2744140625,5890.2896,5969.33984375,79.05029296875
42,2024-10-15 15:45:51,5876.5723,5815.259765625,61.3125,5884.855,5841.47021484375,43.384765625
43,2024-09-30 15:00:00,5857.3555,5762.47998046875,94.87548828125,5866.9854,5709.5400390625,157.4453125
44,2024-11-11 15:02:17,5941.8975,6001.35009765625,59.45263671875,5945.431,5985.3798828125,39.94873046875
45,2024-10-29 19:01:22,5813.731,5832.919921875,19.18896484375,5825.385,5705.4501953125,119.9345703125
46,2024-09-16 12:01:02,5813.568,5633.08984375,180.47802734375,5825.1914,5618.259765625,206.931640625
47,2024-10-25 12:00:01,5862.57,5808.1201171875,54.44970703125,5871.8525,5808.1201171875,63.732421875
48,2024-09-23 16:18:57,5702.7627,5718.56982421875,15.80712890625,5706.981,5722.259765625,15.27880859375
49,2024-09-20 11:12:07,5810.5557,5702.5498046875,108.005859375,5821.6035,5702.5498046875,119.0537109375
50,2024-10-30 06:03:17,5773.016,5813.669921875,40.65380859375,5780.6455,5728.7998046875,51.845703125
51,2024-09-18 18:40:01,5788.2476,5618.259765625,169.98779296875,5796.789,5702.5498046875,94.2392578125
52,2024-09-28 15:15:00,5774.494,5738.169921875,36.32421875,5782.212,5762.47998046875,19.73193359375
53,2024-10-28 06:40:00,5852.854,5823.52001953125,29.333984375,5862.7803,5813.669921875,49.1103515625
54,2024-09-24 07:00:33,5819.388,5732.93017578125,86.4580078125,5831.883,5745.3701171875,86.5126953125
55,2024-10-22 08:15:00,5804.568,5851.2001953125,46.63232421875,5814.8647,5809.85986328125,5.0048828125
56,2024-10-24 06:00:00,5785.99,5809.85986328125,23.86962890625,5794.396,5808.1201171875,13.72412109375
57,2024-10-28 02:45:18,5767.4653,5823.52001953125,56.0546875,5774.7627,5813.669921875,38.9072265625
58,2024-10-23 16:23:52,5912.9346,5797.419921875,115.5146484375,5918.565,5808.1201171875,110.44482421875
59,2024-10-27 12:03:00,5812.0986,5808.1201171875,3.978515625,5823.404,5832.919921875,9.51611328125
60,2024-11-15 10:10:00,5818.7915,5870.6201171875,51.82861328125,5831.245,5870.6201171875,39.375
61,2024-09-25 02:41:00,5868.386,5722.259765625,146.12646484375,5877.266,5738.169921875,139.09619140625
62,2024-11-14 11:28:44,5836.3086,5949.169921875,112.861328125,5847.3745,5870.6201171875,23.24560546875
63,2024-11-12 14:36:21,5924.359,5983.990234375,59.63134765625,5929.1567,5949.169921875,20.01318359375
64,2024-09-28 13:07:00,5763.898,5738.169921875,25.72802734375,5771.0103,5762.47998046875,8.5302734375
65,2024-11-02 12:18:00,5726.7417,5728.7998046875,2.05810546875,5732.095,5712.68994140625,19.4052734375
66,2024-11-23 01:00:00,5892.4023,5969.33984375,76.9375,5899.5293,5987.3701171875,87.8408203125
67,2024-10-24 20:15:00,5893.89,5809.85986328125,84.0302734375,5900.909,5808.1201171875,92.7890625
68,2024-11-20 05:00:00,5785.9985,5917.10986328125,131.111328125,5794.4053,5969.33984375,174.9345703125
69,2024-09-26 17:23:04,5818.7573,5745.3701171875,73.38720703125,5831.2095,5738.169921875,93.03955078125
70,2024-10-21 15:55:55,5881.178,5853.97998046875,27.1982421875,5889.1245,5797.419921875,91.70458984375
71,2024-10-22 14:31:26,5823.811,5851.2001953125,27.38916015625,5835.4863,5809.85986328125,25.62646484375
72,2024-11-18 07:08:00,5914.0854,5893.6201171875,20.46533203125,5919.63,5917.10986328125,2.52001953125
73,2024-10-02 01:34:00,5804.8403,5709.5400390625,95.30029296875,5815.1714,5751.06982421875,64.1015625
74,2024-11-17 12:20:00,5851.16,5870.6201171875,19.4599609375,5861.1973,5916.97998046875,55.78271484375
75,2024-10-24 08:00:47,5875.133,5809.85986328125,65.27294921875,5883.5205,5808.1201171875,75.400390625
76,2024-11-19 16:25:00,5875.251,5916.97998046875,41.72900390625,5883.6304,5948.7099609375,65.07958984375
77,2024-11-13 00:45:00,5823.503,5985.3798828125,161.876953125,5835.2935,5870.6201171875,35.32666015625
78,2024-09-18 18:34:43,5767.1597,5618.259765625,148.89990234375,5774.4395,5702.5498046875,71.8896484375
79,2024-11-25 17:07:43,5795.2373,5987.3701171875,192.1328125,5804.3696,5998.740234375,194.37060546875
80,2024-10-09 20:02:45,5761.978,5792.0400390625,30.06201171875,5769.0,5815.02978515625,46.02978515625
81,2024-11-05 06:00:01,5787.1094,5782.759765625,4.349609375,5795.5825,5973.10009765625,177.517578125
82,2024-09-17 09:32:02,5816.302,5634.580078125,181.7216796875,5828.43,5713.64013671875,114.7900390625
83,2024-10-24 06:00:58,5804.739,5809.85986328125,5.12109375,5815.0576,5808.1201171875,6.9375
84,2024-11-21 05:30:05,5826.5923,5948.7099609375,122.11767578125,5837.5557,5969.33984375,131.7841796875
85,2024-11-19 11:43:51,5918.1465,5916.97998046875,1.16650390625,5923.3945,5948.7099609375,25.3154296875
86,2024-11-06 15:13:45,5882.3955,5929.0400390625,46.64453125,5890.2534,5995.5400390625,105.28662109375
87,2024-10-22 10:00:00,5800.8345,5851.2001953125,50.36572265625,5810.666,5809.85986328125,0.80615234375
88,2024-10-16 10:50:00,5841.6494,5842.47021484375,0.82080078125,5852.3027,5864.669921875,12.3671875
89,2024-11-04 07:18:36,5832.874,5712.68994140625,120.18408203125,5844.0693,5929.0400390625,84.970703125
90,2024-10-10 18:13:51,5821.748,5780.0498046875,41.6982421875,5834.0786,5815.02978515625,19.048828125
91,2024-11-15 19:26:01,5866.483,5870.6201171875,4.13720703125,5875.502,5870.6201171875,4.8818359375
92,2024-09-26 10:00:00,5851.742,5745.3701171875,106.3720703125,5861.741,5738.169921875,123.5712890625
93,2024-10-15 08:00:00,5802.7393,5815.259765625,12.5205078125,5812.8086,5841.47021484375,28.66162109375
94,2024-11-12 08:53:25,5800.3696,5983.990234375,183.62060546875,5810.1436,5949.169921875,139.0263671875
95,2024-10-10 21:45:00,5806.488,5780.0498046875,26.43798828125,5817.026,5815.02978515625,1.99609375
96,2024-10-22 16:40:12,5807.7603,5851.2001953125,43.43994140625,5818.4595,5809.85986328125,8.599609375
97,2024-11-15 16:15:10,5852.2046,5870.6201171875,18.41552734375,5862.1733,5870.6201171875,8.44677734375
98,2024-11-13 01:37:31,5801.8164,5985.3798828125,183.5634765625,5811.7705,5870.6201171875,58.849609375
99,2024-09-26 16:31:48,5773.5425,5745.3701171875,28.17236328125,5781.2036,5738.169921875,43.03369140625
100,2024-09-25 17:45:56,5857.299,5722.259765625,135.0390625,5866.9316,5738.169921875,128.76171875
101,2024-10-24 16:05:38,5813.655,5809.85986328125,3.794921875,5825.2944,5808.1201171875,17.17431640625
102,2024-10-15 15:02:31,5912.382,5815.259765625,97.1220703125,5918.0522,5841.47021484375,76.58203125
103,2024-10-17 04:00:03,5802.6943,5841.47021484375,38.77587890625,5812.758,5864.669921875,51.912109375
104,2024-11-18 18:31:23,5881.8457,5893.6201171875,11.7744140625,5889.7446,5917.10986328125,27.365234375
105,2024-10-01 07:00:01,5815.916,5708.75,107.166015625,5827.9746,5699.93994140625,128.03466796875
106,2024-11-14 07:39:00,5811.304,5949.169921875,137.86572265625,5822.4478,5870.6201171875,48.17236328125
107,2024-10-31 10:41:00,5820.739,5705.4501953125,115.28857421875,5833.228,5728.7998046875,104.42822265625
108,2024-10-10 13:20:58,5843.6206,5780.0498046875,63.57080078125,5854.152,5815.02978515625,39.1220703125
109,2024-10-02 14:41:51,5791.41,5709.5400390625,81.8701171875,5800.1494,5751.06982421875,49.07958984375
110,2024-10-02 02:29:18,5890.8755,5709.5400390625,181.33544921875,5898.1147,5751.06982421875,147.044921875
111,2024-11-16 22:30:00,5859.1,5870.6201171875,11.52001953125,5868.615,5893.6201171875,25.0048828125
112,2024-10-08 11:30:00,5874.155,5751.1298828125,123.02490234375,5882.614,5780.0498046875,102.56396484375
113,2024-10-16 10:54:57,5780.6265,5842.47021484375,61.84375,5788.7114,5864.669921875,75.95849609375
114,2024-11-15 22:15:00,5786.2246,5870.6201171875,84.3955078125,5794.645,5870.6201171875,75.97509765625
115,2024-11-03 10:11:00,5718.889,5728.7998046875,9.91064453125,5723.8706,5782.759765625,58.88916015625
116,2024-11-25 18:45:20,5755.7866,5987.3701171875,231.58349609375,5762.515,5998.740234375,236.22509765625
117,2024-09-24 10:30:00,5788.428,5732.93017578125,55.498046875,5796.9805,5745.3701171875,51.6103515625
118,2024-10-03 09:55:43,5796.3276,5699.93994140625,96.3876953125,5805.5767,5751.06982421875,54.5068359375
119,2024-11-18 11:26:00,5784.8486,5893.6201171875,108.771484375,5793.1865,5917.10986328125,123.92333984375
120,2024-11-11 12:03:21,5798.365,6001.35009765625,202.98486328125,5807.882,5985.3798828125,177.498046875
121,2024-11-19 05:35:03,5757.8916,5916.97998046875,159.08837890625,5764.7197,5948.7099609375,183.990234375
122,2024-10-05 14:05:00,5921.904,5751.06982421875,170.833984375,5926.8804,5695.93994140625,230.9404296875
123,2024-11-13 20:17:20,5857.3813,5985.3798828125,127.99853515625,5867.01,5870.6201171875,3.6103515625
124,2024-10-17 16:45:36,5777.551,5841.47021484375,63.91943359375,5785.452,5864.669921875,79.2177734375
125,2024-10-04 13:00:00,5799.762,5751.06982421875,48.6923828125,5809.4604,5751.06982421875,58.390625
126,2024-10-22 04:07:33,5807.907,5851.2001953125,43.29296875,5818.625,5809.85986328125,8.76513671875
127,2024-11-22 12:00:20,5807.6934,5969.33984375,161.646484375,5818.384,5969.33984375,150.9560546875
128,2024-11-05 05:54:26,5811.252,5782.759765625,28.4921875,5822.389,5973.10009765625,150.7109375
129,2024-10-03 03:01:00,5826.288,5699.93994140625,126.34814453125,5837.2925,5751.06982421875,86.22265625
130,2024-11-21 18:30:00,5776.3853,5948.7099609375,172.32470703125,5784.2163,5969.33984375,185.12353515625
131,2024-10-07 19:31:42,5803.931,5695.93994140625,107.9912109375,5814.1484,5792.0400390625,22.1083984375
132,2024-09-26 02:38:18,5784.4224,5745.3701171875,39.05224609375,5792.735,5738.169921875,54.56494140625
133,2024-09-27 13:15:25,5852.2324,5738.169921875,114.0625,5862.199,5738.169921875,124.029296875
134,2024-10-15 15:46:01,5824.533,5815.259765625,9.2734375,5835.923,5841.47021484375,5.54736328125
135,2024-09-26 06:30:04,5809.7812,5745.3701171875,64.4111328125,5820.7334,5738.169921875,82.5634765625
136,2024-10-06 05:10:31,5807.9844,5751.06982421875,56.91455078125,5818.712,5751.1298828125,67.58203125
137,2024-10-14 07:35:41,5786.71,5859.85009765625,73.14013671875,5795.159,5842.47021484375,47.31103515625
138,2024-10-23 13:31:02,5868.6704,5797.419921875,71.25048828125,5877.5293,5808.1201171875,69.4091796875
139,2024-10-09 06:49:21,5948.266,5792.0400390625,156.22607421875,5951.342,5815.02978515625,136.31201171875
140,2024-09-26 10:00:00,5814.9326,5745.3701171875,69.5625,5826.8096,5738.169921875,88.6396484375
141,2024-11-18 12:08:07,5821.7964,5893.6201171875,71.82373046875,5834.1133,5917.10986328125,82.99658203125
142,2024-10-22 06:05:03,5815.159,5851.2001953125,36.041015625,5827.078,5809.85986328125,17.21826171875
143,2024-09-30 07:14:11,5787.13,5762.47998046875,24.64990234375,5795.604,5709.5400390625,86.06396484375
144,2024-10-10 11:33:44,5788.9976,5780.0498046875,8.94775390625,5797.5835,5815.02978515625,17.4462890625
145,2024-10-05 10:07:00,5782.6846,5751.06982421875,31.61474609375,5790.8926,5695.93994140625,94.95263671875
146,2024-10-22 12:41:05,5928.1855,5851.2001953125,76.9853515625,5932.707,5809.85986328125,122.84716796875
147,2024-10-03 06:30:32,5768.504,5699.93994140625,68.56396484375,5775.8633,5751.06982421875,24.79345703125
148,2024-10-03 10:41:25,5771.478,5699.93994140625,71.5380859375,5779.0156,5751.06982421875,27.94580078125
149,2024-09-23 10:00:00,5946.862,5718.56982421875,228.2919921875,5950.0386,5722.259765625,227.77880859375
150,2024-11-20 15:45:47,5863.571,5917.10986328125,53.5390625,5872.786,5969.33984375,96.5537109375
151,2024-11-13 16:02:12,5826.61,5985.3798828125,158.77001953125,5837.574,5870.6201171875,33.0458984375
152,2024-11-04 19:00:15,5770.865,5712.68994140625,58.17529296875,5778.3657,5929.0400390625,150.67431640625
153,2024-10-22 16:37:00,5793.7817,5851.2001953125,57.41845703125,5802.7593,5809.85986328125,7.1005859375
154,2024-09-26 10:03:58,5888.9165,5745.3701171875,143.54638671875,5896.2983,5738.169921875,158.12841796875
155,2024-11-09 16:10:00,5906.272,5995.5400390625,89.26806640625,5912.388,6001.35009765625,88.9619140625
156,2024-10-10 16:37:36,5815.216,5780.0498046875,35.166015625,5827.1455,5815.02978515625,12.11572265625
157,2024-10-26 11:00:33,5866.4795,5808.1201171875,58.359375,5875.4995,5823.52001953125,51.9794921875
158,2024-11-07 09:01:17,5911.198,5973.10009765625,61.90185546875,5916.953,5995.5400390625,78.5869140625
159,2024-11-06 15:12:54,5853.6997,5929.0400390625,75.34033203125,5863.5703,5995.5400390625,131.9697265625
160,2024-11-21 19:59:48,5797.375,5948.7099609375,151.3349609375,5806.761,5969.33984375,162.57861328125
161,2024-11-15 18:30:00,5925.131,5870.6201171875,54.5107421875,5929.8726,5870.6201171875,59.25244140625
162,2024-09-25 16:42:22,5807.0034,5722.259765625,84.74365234375,5817.606,5738.169921875,79.43603515625
163,2024-10-14 07:18:20,5799.959,5859.85009765625,59.89111328125,5809.682,5842.47021484375,32.7880859375
164,2024-11-21 11:26:10,5912.009,5948.7099609375,36.701171875,5917.706,5969.33984375,51.6337890625
165,2024-11-17 01:14:09,5853.648,5870.6201171875,16.97216796875,5863.5215,5916.97998046875,53.45849609375
166,2024-09-23 16:20:07,5820.251,5718.56982421875,101.68115234375,5832.775,5722.259765625,110.51513671875
167,2024-09-25 18:31:32,5732.397,5722.259765625,10.13720703125,5738.018,5738.169921875,0.15185546875
168,2024-10-18 17:00:59,5789.917,5864.669921875,74.7529296875,5798.558,5864.669921875,66.11181640625
169,2024-11-04 19:00:28,5785.593,5712.68994140625,72.90283203125,5793.975,5929.0400390625,135.06494140625
170,2024-09-28 17:30:00,5841.927,5738.169921875,103.7568359375,5852.5635,5762.47998046875,90.08349609375
171,2024-11-21 13:00:00,5864.465,5948.7099609375,84.2451171875,5873.62,5969.33984375,95.7197265625
172,2024-09-25 05:15:00,5822.11,5722.259765625,99.85009765625,5834.3394,5738.169921875,96.16943359375
173,2024-11-05 18:12:52,5867.929,5782.759765625,85.16943359375,5876.843,5973.10009765625,96.25732421875
174,2024-10-10 21:32:00,5942.213,5780.0498046875,162.1630859375,5945.722,5815.02978515625,130.6923828125
175,2024-11-06 12:30:00,5863.63,5929.0400390625,65.41015625,5872.842,5995.5400390625,122.6982421875
176,2024-11-21 18:17:55,5856.908,5948.7099609375,91.8017578125,5866.5674,5969.33984375,102.7724609375
177,2024-09-23 12:00:47,5810.756,5718.56982421875,92.18603515625,5821.829,5722.259765625,99.5693359375
178,2024-09-26 14:45:00,5823.5176,5745.3701171875,78.1474609375,5835.3027,5738.169921875,97.1328125
179,2024-11-23 00:01:02,5851.5386,5969.33984375,117.80126953125,5861.5513,5987.3701171875,125.81884765625
180,2024-11-13 22:57:00,5876.301,5985.3798828125,109.0791015625,5884.603,5870.6201171875,13.98291015625
181,2024-10-15 15:53:46,5851.1177,5815.259765625,35.85791015625,5861.158,5841.47021484375,19.68798828125
182,2024-10-14 08:27:56,5799.266,5859.85009765625,60.583984375,5808.901,5842.47021484375,33.5693359375
183,2024-11-26 11:03:36,5693.939,6021.6298828125,327.69091796875,5697.7393,5998.740234375,301.0009765625
184,2024-10-31 15:05:16,5824.16,5705.4501953125,118.7099609375,5835.707,5728.7998046875,106.9072265625
185,2024-10-04 18:17:39,5861.0293,5751.06982421875,109.95947265625,5870.4155,5751.06982421875,119.345703125
186,2024-11-14 14:28:24,5891.069,5949.169921875,58.10107421875,5898.293,5870.6201171875,27.6728515625
187,2024-10-16 02:50:57,5798.6978,5842.47021484375,43.7724609375,5808.258,5864.669921875,56.412109375
188,2024-10-10 20:10:33,5867.9277,5780.0498046875,87.8779296875,5876.842,5815.02978515625,61.81201171875
189,2024-10-17 05:41:13,5929.4727,5841.47021484375,88.00244140625,5933.9023,5864.669921875,69.232421875
190,2024-11-06 08:27:57,5877.219,5929.0400390625,51.82080078125,5885.4546,5995.5400390625,110.08544921875
191,2024-11-12 05:20:10,5860.1475,5983.990234375,123.8427734375,5869.593,5949.169921875,79.5771484375
192,2024-11-16 22:10:00,5852.7944,5870.6201171875,17.82568359375,5862.7246,5893.6201171875,30.8955078125
193,2024-09-24 17:53:53,5753.549,5732.93017578125,20.61865234375,5760.172,5745.3701171875,14.8017578125
194,2024-09-28 14:00:00,5804.5986,5738.169921875,66.4287109375,5814.8994,5762.47998046875,52.41943359375
195,2024-11-01 14:00:00,5716.6265,5728.7998046875,12.17333984375,5721.501,5728.7998046875,7.298828125
196,2024-11-21 11:30:21,5859.419,5948.7099609375,89.291015625,5868.9126,5969.33984375,100.42724609375
197,2024-11-17 13:00:46,5878.0703,5870.6201171875,7.4501953125,5886.244,5916.97998046875,30.73583984375
198,2024-09-16 12:40:00,5816.831,5633.08984375,183.7412109375,5829.076,5618.259765625,210.81640625
199,2024-10-14 14:01:48,5810.071,5859.85009765625,49.779296875,5821.058,5842.47021484375,21.412109375
200,2024-11-06 21:07:59,5816.6,5929.0400390625,112.43994140625,5828.7944,5995.5400390625,166.74560546875
201,2024-10-16 11:30:21,5805.303,5842.47021484375,37.1669921875,5815.692,5864.669921875,48.97802734375
202,2024-10-03 09:48:00,5811.2417,5699.93994140625,111.3017578125,5822.377,5751.06982421875,71.30712890625
203,2024-10-06 09:30:00,5781.051,5751.06982421875,29.98095703125,5789.1616,5751.1298828125,38.03173828125
204,2024-10-28 20:55:29,5822.201,5823.52001953125,1.31884765625,5834.403,5813.669921875,20.73291015625
205,2024-10-22 11:41:13,5819.051,5851.2001953125,32.1494140625,5831.522,5809.85986328125,21.662109375
206,2024-11-11 19:31:54,5923.6,6001.35009765625,77.75,5928.452,5985.3798828125,56.927734375
207,2024-10-17 10:30:00,5811.323,5841.47021484375,30.14697265625,5822.469,5864.669921875,42.20068359375
208,2024-10-10 06:14:00,5808.3706,5780.0498046875,28.32080078125,5819.147,5815.02978515625,4.1171875
209,2024-10-29 06:45:51,5768.6313,5832.919921875,64.28857421875,5775.9985,5705.4501953125,70.54833984375
210,2024-10-10 14:18:05,5817.6343,5780.0498046875,37.58447265625,5829.9937,5815.02978515625,14.9638671875
211,2024-11-14 04:08:40,5819.9736,5949.169921875,129.1962890625,5832.5005,5870.6201171875,38.11962890625
212,2024-10-21 15:46:37,5817.0137,5853.97998046875,36.96630859375,5829.299,5797.419921875,31.87890625
213,2024-10-28 18:45:22,5797.829,5823.52001953125,25.69091796875,5807.2754,5813.669921875,6.39453125
214,2024-11-11 07:00:02,5934.103,6001.35009765625,67.2470703125,5938.1963,5985.3798828125,47.18359375
215,2024-11-07 15:03:11,5766.4023,5973.10009765625,206.69775390625,5773.642,5995.5400390625,221.89794921875
216,2024-11-14 09:14:00,5819.493,5949.169921875,129.6767578125,5831.996,5870.6201171875,38.6240234375
217,2024-10-30 14:30:18,5785.362,5813.669921875,28.30810546875,5793.7305,5728.7998046875,64.9306640625
218,2024-09-26 13:46:17,5760.8965,5745.3701171875,15.5263671875,5767.8667,5738.169921875,29.69677734375
219,2024-10-09 20:02:26,5827.0674,5792.0400390625,35.02734375,5838.0186,5815.02978515625,22.98876953125
220,2024-11-06 17:00:21,5775.0576,5929.0400390625,153.982421875,5782.8096,5995.5400390625,212.73046875
221,2024-11-15 21:17:20,5866.738,5870.6201171875,3.88232421875,5875.739,5870.6201171875,5.11865234375
222,2024-11-21 11:30:00,5802.4956,5948.7099609375,146.21435546875,5812.5347,5969.33984375,156.80517578125
223,2024-10-14 02:13:45,5848.094,5859.85009765625,11.755859375,5858.3345,5842.47021484375,15.8642578125
224,2024-11-26 17:30:57,5777.745,6021.6298828125,243.884765625,5785.6577,5998.740234375,213.08251953125
225,2024-09-17 07:00:00,5782.2197,5634.580078125,147.6396484375,5790.4,5713.64013671875,76.759765625
226,2024-09-29 13:20:00,5878.1304,5738.169921875,139.96044921875,5886.2993,5708.75,177.54931640625
227,2024-10-06 14:05:00,5779.3857,5751.06982421875,28.31591796875,5787.397,5751.1298828125,36.26708984375
228,2024-10-10 21:51:27,5733.2085,5780.0498046875,46.84130859375,5738.8677,5815.02978515625,76.162109375
229,2024-10-02 14:32:23,5787.0415,5709.5400390625,77.50146484375,5795.5107,5751.06982421875,44.44091796875
230,2024-10-08 00:27:59,5761.209,5751.1298828125,10.0791015625,5768.194,5780.0498046875,11.85595703125
231,2024-11-15 18:21:54,5815.088,5870.6201171875,55.5322265625,5826.9937,5870.6201171875,43.62646484375
232,2024-11-20 06:05:03,5801.9277,5917.10986328125,115.18212890625,5811.896,5969.33984375,157.44384765625
233,2024-11-06 08:00:00,5825.6987,5929.0400390625,103.34130859375,5836.7573,5995.5400390625,158.78271484375
234,2024-11-19 11:30:26,5754.56,5916.97998046875,162.419921875,5761.2305,5948.7099609375,187.4794921875
235,2024-11-22 10:51:00,5799.4487,5969.33984375,169.89111328125,5809.108,5969.33984375,160.23193359375
236,2024-09-17 15:05:00,5865.258,5634.580078125,230.677734375,5874.3594,5713.64013671875,160.71923828125
237,2024-11-20 07:04:52,5878.3867,5917.10986328125,38.72314453125,5886.535,5969.33984375,82.8046875
238,2024-09-24 22:24:06,5825.26,5732.93017578125,92.32958984375,5836.407,5745.3701171875,91.037109375
239,2024-09-23 18:00:38,5854.532,5718.56982421875,135.96240234375,5864.348,5722.259765625,142.08837890625
240,2024-10-16 07:47:00,5811.42,5842.47021484375,31.05029296875,5822.578,5864.669921875,42.091796875
241,2024-09-23 13:49:00,5768.5674,5718.56982421875,49.99755859375,5775.9307,5722.259765625,53.6708984375
242,2024-09-23 10:55:00,5820.5986,5718.56982421875,102.02880859375,5833.104,5722.259765625,110.84423828125
243,2024-10-27 09:30:00,5749.762,5808.1201171875,58.35791015625,5756.205,5832.919921875,76.71484375
244,2024-11-23 01:35:26,5945.8584,5969.33984375,23.4814453125,5949.1064,5987.3701171875,38.263671875
245,2024-10-02 05:28:00,5785.2876,5709.5400390625,75.74755859375,5793.652,5751.06982421875,42.58203125
246,2024-10-29 05:23:16,5862.185,5832.919921875,29.26513671875,5871.4937,5705.4501953125,166.04345703125
247,2024-11-15 18:31:22,5880.287,5870.6201171875,9.6669921875,5888.2983,5870.6201171875,17.67822265625
248,2024-09-17 09:45:00,5772.627,5634.580078125,138.046875,5780.233,5713.64013671875,66.5927734375
249,2024-11-19 15:15:31,5858.147,5916.97998046875,58.8330078125,5867.725,5948.7099609375,80.98486328125
250,2024-11-14 21:58:00,5790.9927,5949.169921875,158.17724609375,5799.698,5870.6201171875,70.921875
251,2024-11-22 23:53:00,5786.8896,5969.33984375,182.4501953125,5795.3496,5969.33984375,173.990234375
252,2024-11-26 12:10:38,5899.3228,6021.6298828125,122.30712890625,5905.9443,5998.740234375,92.7958984375
253,2024-10-25 12:00:08,5908.6426,5808.1201171875,100.5224609375,5914.5854,5808.1201171875,106.46533203125
254,2024-09-26 09:08:16,5795.42,5745.3701171875,50.0498046875,5804.572,5738.169921875,66.40185546875
255,2024-11-26 15:35:06,5793.486,6021.6298828125,228.14404296875,5802.43,5998.740234375,196.31005859375
256,2024-10-21 07:00:00,5806.1846,5853.97998046875,47.79541015625,5816.684,5797.419921875,19.26416015625
257,2024-10-10 21:01:00,5805.28,5780.0498046875,25.22998046875,5815.6655,5815.02978515625,0.6357421875
258,2024-10-23 16:21:49,5855.4243,5797.419921875,58.00439453125,5865.181,5808.1201171875,57.06103515625
259,2024-10-08 15:42:57,5789.8,5751.1298828125,38.669921875,5798.434,5780.0498046875,18.38427734375
260,2024-11-04 18:03:01,5812.3613,5712.68994140625,99.67138671875,5823.726,5929.0400390625,105.31396484375
261,2024-11-05 17:25:36,5790.332,5782.759765625,7.572265625,5798.998,5973.10009765625,174.10205078125
262,2024-09-30 15:45:40,5784.877,5762.47998046875,22.39697265625,5793.2163,5709.5400390625,83.67626953125
263,2024-10-10 18:18:44,5820.2017,5780.0498046875,40.15185546875,5832.728,5815.02978515625,17.6982421875
264,2024-09-28 18:40:19,5774.227,5738.169921875,36.05712890625,5781.9287,5762.47998046875,19.44873046875
265,2024-10-08 10:20:11,5798.718,5751.1298828125,47.587890625,5808.281,5780.0498046875,28.23095703125
266,2024-11-05 03:21:57,5787.6973,5782.759765625,4.9375,5796.2056,5973.10009765625,176.89453125
267,2024-10-04 14:00:33,5819.241,5751.06982421875,68.17138671875,5831.7256,5751.06982421875,80.65576171875
268,2024-10-31 08:08:06,5800.38,5705.4501953125,94.9296875,5810.1553,5728.7998046875,81.35546875
269,2024-10-23 06:30:13,5896.424,5797.419921875,99.00390625,5903.258,5808.1201171875,95.1376953125
270,2024-09-26 12:00:22,5793.503,5745.3701171875,48.1328125,5802.4497,5738.169921875,64.27978515625
271,2024-10-17 07:19:05,5786.2476,5841.47021484375,55.22265625,5794.669,5864.669921875,70.0009765625
272,2024-11-15 13:35:47,5787.35,5870.6201171875,83.27001953125,5795.8374,5870.6201171875,74.78271484375
273,2024-11-21 06:10:35,5841.485,5948.7099609375,107.22509765625,5852.149,5969.33984375,117.19091796875
274,2024-11-03 10:22:02,5796.6616,5728.7998046875,67.86181640625,5805.9546,5782.759765625,23.19482421875
275,2024-10-08 13:00:52,5771.982,5751.1298828125,20.85205078125,5779.55,5780.0498046875,0.5
276,2024-10-06 15:15:07,5862.3086,5751.06982421875,111.23876953125,5871.609,5751.1298828125,120.47900390625
277,2024-11-17 12:50:03,5821.4478,5870.6201171875,49.17236328125,5833.8384,5916.97998046875,83.1416015625
278,2024-10-11 17:19:55,5871.0493,5815.02978515625,56.01953125,5879.7354,5815.02978515625,64.70556640625
279,2024-11-11 15:42:23,5856.9746,6001.35009765625,144.37548828125,5866.63,5985.3798828125,118.75
280,2024-11-04 11:18:56,5863.0815,5712.68994140625,150.3916015625,5872.3296,5929.0400390625,56.71044921875
281,2024-11-20 08:47:31,5828.0635,5917.10986328125,89.04638671875,5839.0264,5969.33984375,130.3134765625
282,2024-10-15 07:07:44,5798.162,5815.259765625,17.09765625,5807.652,5841.47021484375,33.818359375
283,2024-11-09 16:30:04,5762.945,5995.5400390625,232.59521484375,5770.012,6001.35009765625,231.337890625
284,2024-09-23 18:00:58,5806.2373,5718.56982421875,87.66748046875,5816.7437,5722.259765625,94.48388671875
285,2024-10-06 14:41:12,5861.957,5751.06982421875,110.88720703125,5871.2803,5751.1298828125,120.150390625
286,2024-10-17 16:01:35,5843.9976,5841.47021484375,2.52734375,5854.506,5864.669921875,10.1640625
287,2024-11-06 16:00:52,5791.6685,5929.0400390625,137.37158203125,5800.4297,5995.5400390625,195.1103515625
288,2024-10-22 13:46:29,5797.1416,5851.2001953125,54.05859375,5806.497,5809.85986328125,3.36279296875
289,2024-11-19 16:20:32,5800.981,5916.97998046875,115.9990234375,5810.8306,5948.7099609375,137.87939453125
290,2024-11-26 11:18:00,5802.131,6021.6298828125,219.4990234375,5812.124,5998.740234375,186.6162109375
291,2024-11-21 04:30:18,5988.727,5948.7099609375,40.01708984375,5988.888,5969.33984375,19.54833984375
292,2024-09-24 17:00:20,5801.3765,5732.93017578125,68.4462890625,5811.276,5745.3701171875,65.90576171875
293,2024-11-25 18:48:24,5863.1787,5987.3701171875,124.19140625,5872.421,5998.740234375,126.3193359375
294,2024-10-15 17:15:36,5863.8003,5815.259765625,48.54052734375,5873.0,5841.47021484375,31.52978515625
295,2024-10-15 08:01:09,5772.3257,5815.259765625,42.93408203125,5779.914,5841.47021484375,61.55615234375
296,2024-10-15 17:15:15,5805.231,5815.259765625,10.02880859375,5815.611,5841.47021484375,25.859375
297,2024-09-28 22:31:00,5772.27,5738.169921875,34.10009765625,5779.855,5762.47998046875,17.375
298,2024-11-13 08:00:00,5776.044,5985.3798828125,209.3359375,5783.855,5870.6201171875,86.76513671875
299,2024-11-25 08:00:00,5886.9224,5987.3701171875,100.44775390625,5894.4497,5998.740234375,104.29052734375
300,2024-10-16 10:52:29,5857.0713,5842.47021484375,14.60107421875,5866.7197,5864.669921875,2.0498046875
301,2024-10-10 21:02:00,5720.4497,5780.0498046875,59.60009765625,5725.5054,5815.02978515625,89.5244140625
302,2024-10-23 07:10:46,5865.4014,5797.419921875,67.9814453125,5874.4937,5808.1201171875,66.37353515625
303,2024-11-04 08:42:23,5865.0894,5712.68994140625,152.3994140625,5874.2026,5929.0400390625,54.83740234375
304,2024-11-21 19:15:18,5906.3,5948.7099609375,42.41015625,5912.414,5969.33984375,56.92578125
305,2024-10-08 00:18:00,5844.6885,5751.1298828125,93.55859375,5855.1543,5780.0498046875,75.1044921875
306,2024-11-13 16:11:00,5789.1836,5985.3798828125,196.1962890625,5797.781,5870.6201171875,72.83935546875
307,2024-09-27 13:15:40,5837.928,5738.169921875,99.75830078125,5848.852,5738.169921875,110.68212890625
308,2024-11-25 13:32:23,5762.578,5987.3701171875,224.7919921875,5769.628,5998.740234375,229.1123046875
309,2024-11-06 15:06:59,5777.9863,5929.0400390625,151.0537109375,5785.913,5995.5400390625,209.626953125
310,2024-11-22 12:00:37,5792.73,5969.33984375,176.60986328125,5801.591,5969.33984375,167.7490234375
311,2024-11-12 06:56:57,5879.938,5983.990234375,104.05224609375,5887.9736,5949.169921875,61.1962890625
312,2024-11-05 08:19:51,5855.683,5782.759765625,72.92333984375,5865.423,5973.10009765625,107.67724609375
313,2024-10-08 07:42:37,5779.459,5751.1298828125,28.3291015625,5787.4746,5780.0498046875,7.4248046875
314,2024-09-17 16:33:18,5771.2485,5634.580078125,136.66845703125,5778.772,5713.64013671875,65.1318359375
315,2024-11-06 12:30:00,5856.444,5929.0400390625,72.59619140625,5866.1333,5995.5400390625,129.40673828125
316,2024-11-13 23:28:00,5844.8496,5985.3798828125,140.5302734375,5855.3057,5870.6201171875,15.314453125
317,2024-11-11 12:00:49,5922.638,6001.35009765625,78.7119140625,5927.5615,5985.3798828125,57.818359375
318,2024-10-01 07:06:54,5809.0586,5708.75,100.30859375,5819.9224,5699.93994140625,119.982421875
319,2024-10-01 07:00:00,5814.526,5708.75,105.77587890625,5826.3267,5699.93994140625,126.38671875
320,2024-11-14 14:30:26,5852.125,5949.169921875,97.044921875,5862.099,5870.6201171875,8.52099609375
321,2024-09-21 22:52:00,5817.767,5702.5498046875,115.21728515625,5830.1387,5718.56982421875,111.56884765625
322,2024-11-06 17:00:44,5927.0073,5929.0400390625,2.03271484375,5931.612,5995.5400390625,63.92822265625
323,2024-10-17 14:01:19,5787.176,5841.47021484375,54.29443359375,5795.653,5864.669921875,69.01708984375
324,2024-11-25 02:06:02,5906.9644,5987.3701171875,80.40576171875,5913.0303,5998.740234375,85.7099609375
325,2024-11-21 19:23:16,5788.274,5948.7099609375,160.43603515625,5796.817,5969.33984375,172.52294921875
326,2024-11-21 08:35:03,5901.214,5948.7099609375,47.49609375,5907.699,5969.33984375,61.640625
327,2024-09-24 07:15:38,5876.3374,5732.93017578125,143.4072265625,5884.637,5745.3701171875,139.26708984375
328,2024-11-18 05:26:47,5784.9404,5893.6201171875,108.6796875,5793.2837,5917.10986328125,123.826171875
329,2024-11-25 01:42:00,5869.8584,5987.3701171875,117.51171875,5878.631,5998.740234375,120.109375
330,2024-11-08 12:35:39,5799.21,5995.5400390625,196.330078125,5808.838,5995.5400390625,186.7021484375
331,2024-10-09 03:33:58,5777.034,5792.0400390625,15.005859375,5784.9043,5815.02978515625,30.12548828125
332,2024-10-10 20:07:18,5789.1543,5780.0498046875,9.1044921875,5797.75,5815.02978515625,17.27978515625
333,2024-11-23 00:02:00,5799.1406,5969.33984375,170.19921875,5808.7593,5987.3701171875,178.61083984375
334,2024-10-20 09:00:00,5816.8306,5864.669921875,47.83935546875,5829.075,5851.2001953125,22.125
335,2024-11-12 11:00:52,5870.015,5983.990234375,113.97509765625,5878.776,5949.169921875,70.39404296875
336,2024-11-04 18:02:28,5850.8037,5712.68994140625,138.11376953125,5860.8647,5929.0400390625,68.17529296875
337,2024-10-04 15:35:42,5804.657,5751.06982421875,53.58740234375,5814.9653,5751.06982421875,63.8955078125
338,2024-10-23 16:29:13,5809.317,5797.419921875,11.89697265625,5820.2134,5808.1201171875,12.09326171875
339,2024-11-18 08:07:06,5796.5293,5893.6201171875,97.0908203125,5805.8047,5917.10986328125,111.30517578125
340,2024-11-26 14:47:33,5785.2817,6021.6298828125,236.34814453125,5793.6455,5998.740234375,205.0947265625
341,2024-11-07 06:55:01,5855.8457,5973.10009765625,117.25439453125,5865.575,5995.5400390625,129.96484375
342,2024-09-29 17:30:39,5776.519,5738.169921875,38.34912109375,5784.3584,5708.75,75.6083984375
343,2024-10-29 23:49:41,5947.2573,5832.919921875,114.33740234375,5950.406,5705.4501953125,244.95556640625
344,2024-09-29 14:43:00,5769.9253,5738.169921875,31.75537109375,5777.3696,5708.75,68.61962890625
345,2024-11-18 08:34:23,5868.4517,5893.6201171875,25.16845703125,5877.3267,5917.10986328125,39.783203125
346,2024-10-08 05:30:00,5779.091,5751.1298828125,27.9609375,5787.084,5780.0498046875,7.0341796875
347,2024-09-16 06:05:03,5805.331,5633.08984375,172.2412109375,5815.723,5618.259765625,197.46337890625
348,2024-10-04 14:01:04,5799.1294,5751.06982421875,48.0595703125,5808.7466,5751.06982421875,57.6767578125
349,2024-11-05 11:05:33,5882.358,5782.759765625,99.59814453125,5890.2183,5973.10009765625,82.8818359375
350,2024-11-17 14:48:00,5819.073,5870.6201171875,51.546875,5831.546,5916.97998046875,85.43408203125
351,2024-10-23 08:15:00,5858.4688,5797.419921875,61.048828125,5868.0254,5808.1201171875,59.9052734375
352,2024-10-24 14:45:35,5853.587,5809.85986328125,43.72705078125,5863.4644,5808.1201171875,55.34423828125
353,2024-11-22 13:42:00,5863.7607,5969.33984375,105.5791015625,5872.9634,5969.33984375,96.37646484375
354,2024-11-25 19:45:19,5750.228,5987.3701171875,237.14208984375,5756.6934,5998.740234375,242.046875
355,2024-10-15 17:21:00,5870.6655,5815.259765625,55.40576171875,5879.3794,5841.47021484375,37.9091796875
356,2024-10-29 19:02:14,5859.3467,5832.919921875,26.4267578125,5868.845,5705.4501953125,163.39501953125
357,2024-11-07 03:00:00,5809.523,5973.10009765625,163.5771484375,5820.4443,5995.5400390625,175.095703125
358,2024-10-10 08:00:00,5776.002,5780.0498046875,4.0478515625,5783.81,5815.02978515625,31.2197265625
359,2024-11-23 10:00:01,5857.07,5969.33984375,112.27001953125,5866.7188,5987.3701171875,120.6513671875
360,2024-11-20 09:42:00,5879.203,5917.10986328125,37.90673828125,5887.2925,5969.33984375,82.04736328125
361,2024-09-28 11:00:00,5850.084,5738.169921875,111.9140625,5860.1924,5762.47998046875,97.71240234375
362,2024-09-24 08:15:17,5859.4478,5732.93017578125,126.517578125,5868.9395,5745.3701171875,123.5693359375
363,2024-10-10 17:28:09,5777.3994,5780.0498046875,2.650390625,5785.2915,5815.02978515625,29.73828125
364,2024-11-17 02:44:28,5882.828,5870.6201171875,12.2080078125,5890.6523,5916.97998046875,26.32763671875
365,2024-10-20 09:10:00,5915.759,5864.669921875,51.0888671875,5921.1836,5851.2001953125,69.9833984375
366,2024-10-15 15:01:46,5918.6016,5815.259765625,103.341796875,5923.819,5841.47021484375,82.3486328125
367,2024-11-19 15:15:21,5823.5293,5916.97998046875,93.45068359375,5835.3096,5948.7099609375,113.400390625
368,2024-11-18 07:45:16,5797.6953,5893.6201171875,95.9248046875,5807.124,5917.10986328125,109.98583984375
369,2024-10-23 07:00:00,5804.7886,5797.419921875,7.36865234375,5815.113,5808.1201171875,6.99267578125
370,2024-11-26 21:01:00,5867.634,6021.6298828125,153.99609375,5876.569,5998.740234375,122.17138671875
371,2024-10-10 13:30:00,5810.5166,5780.0498046875,30.466796875,5821.5596,5815.02978515625,6.52978515625
372,2024-10-28 18:30:19,5776.3335,5823.52001953125,47.1865234375,5784.1616,5813.669921875,29.50830078125
373,2024-10-25 12:00:45,5807.66,5808.1201171875,0.4599609375,5818.346,5808.1201171875,10.22607421875
374,2024-10-10 20:07:00,5951.8677,5780.0498046875,171.81787109375,5954.684,5815.02978515625,139.654296875
375,2024-11-14 09:32:00,5821.598,5949.169921875,127.57177734375,5833.962,5870.6201171875,36.658203125
376,2024-09-29 17:36:12,5779.9365,5738.169921875,41.7666015625,5787.9805,5708.75,79.23046875
377,2024-10-09 12:00:00,5855.624,5792.0400390625,63.583984375,5865.368,5815.02978515625,50.33837890625
378,2024-09-23 13:48:07,5784.5293,5718.56982421875,65.95947265625,5792.848,5722.259765625,70.58837890625
379,2024-09-23 18:00:53,5862.7007,5718.56982421875,144.130859375,5871.974,5722.259765625,149.71435546875
380,2024-10-22 14:40:47,5802.1934,5851.2001953125,49.0068359375,5812.1943,5809.85986328125,2.33447265625
381,2024-09-26 15:30:15,5782.9893,5745.3701171875,37.619140625,5791.216,5738.169921875,53.0458984375
382,2024-11-05 16:24:31,5855.5664,5782.759765625,72.806640625,5865.3145,5973.10009765625,107.78564453125
383,2024-10-18 13:02:31,5780.53,5864.669921875,84.14013671875,5788.6094,5864.669921875,76.060546875
384,2024-10-22 13:53:27,5801.162,5851.2001953125,50.0380859375,5811.0347,5809.85986328125,1.1748046875
385,2024-10-10 17:21:32,5826.3486,5780.0498046875,46.298828125,5837.34,5815.02978515625,22.31005859375
386,2024-10-14 14:20:08,5807.466,5859.85009765625,52.38427734375,5818.1274,5842.47021484375,24.3427734375
387,2024-11-15 21:21:45,5800.6416,5870.6201171875,69.978515625,5810.4497,5870.6201171875,60.17041015625
388,2024-10-27 10:00:00,5803.8066,5808.1201171875,4.3134765625,5814.009,5832.919921875,18.9111328125
389,2024-10-27 18:00:00,5790.6016,5808.1201171875,17.5185546875,5799.2837,5832.919921875,33.63623046875
390,2024-11-13 09:15:00,5704.5356,5985.3798828125,280.84423828125,5708.8374,5870.6201171875,161.78271484375
391,2024-11-13 05:00:00,5813.1475,5985.3798828125,172.232421875,5824.6895,5870.6201171875,45.9306640625
392,2024-11-13 23:00:00,5870.2793,5985.3798828125,115.1005859375,5879.0215,5870.6201171875,8.4013671875
393,2024-11-23 12:46:00,5789.521,5969.33984375,179.81884765625,5798.1387,5987.3701171875,189.2314453125
394,2024-11-08 12:35:05,5807.4106,5995.5400390625,188.12939453125,5818.0654,5995.5400390625,177.474609375
395,2024-10-24 20:17:00,5806.666,5809.85986328125,3.19384765625,5817.226,5808.1201171875,9.10595703125
396,2024-11-18 06:05:03,5815.5366,5893.6201171875,78.08349609375,5827.5254,5917.10986328125,89.58447265625
397,2024-10-25 19:00:51,5792.2236,5808.1201171875,15.896484375,5801.035,5808.1201171875,7.0849609375
398,2024-09-26 05:00:00,5843.672,5745.3701171875,98.3017578125,5854.2007,5738.169921875,116.03076171875
399,2024-10-08 00:44:08,5843.8574,5751.1298828125,92.7275390625,5854.374,5780.0498046875,74.32421875
400,2024-10-16 11:31:00,5798.5073,5842.47021484375,43.962890625,5808.043,5864.669921875,56.626953125
401,2024-10-18 11:29:44,5905.7754,5864.669921875,41.10546875,5911.9272,5864.669921875,47.25732421875
402,2024-10-08 05:35:00,5720.343,5751.1298828125,30.787109375,5725.393,5780.0498046875,54.65673828125
403,2024-11-15 16:17:16,5796.4585,5870.6201171875,74.16162109375,5805.7246,5870.6201171875,64.8955078125
404,2024-10-29 18:16:33,5784.3325,5832.919921875,48.58740234375,5792.6396,5705.4501953125,87.189453125
405,2024-10-09 08:05:53,5824.404,5792.0400390625,32.36376953125,5835.847,5815.02978515625,20.8173828125
406,2024-10-31 06:19:20,5877.719,5705.4501953125,172.26904296875,5885.9175,5728.7998046875,157.11767578125
407,2024-10-28 14:21:38,5905.97,5823.52001953125,82.4501953125,5912.107,5813.669921875,98.43701171875
408,2024-10-14 07:00:00,5890.903,5859.85009765625,31.052734375,5898.1396,5842.47021484375,55.66943359375
409,2024-10-21 04:34:00,5820.3716,5853.97998046875,33.6083984375,5832.8896,5797.419921875,35.4697265625
410,2024-09-20 00:41:57,5777.4663,5702.5498046875,74.91650390625,5785.3623,5702.5498046875,82.8125
411,2024-09-28 11:37:00,5801.977,5738.169921875,63.80712890625,5811.9517,5762.47998046875,49.4716796875
412,2024-11-20 08:50:39,5810.183,5917.10986328125,106.9267578125,5821.1836,5969.33984375,148.15625
413,2024-10-05 22:00:00,5789.2803,5751.06982421875,38.21044921875,5797.8833,5695.93994140625,101.943359375
414,2024-09-23 13:49:41,5857.2344,5718.56982421875,138.66455078125,5866.8726,5722.259765625,144.61279296875
415,2024-11-11 15:02:25,5935.301,6001.35009765625,66.04931640625,5939.31,5985.3798828125,46.06982421875
416,2024-11-07 08:15:57,5915.8438,5973.10009765625,57.25634765625,5921.2617,5995.5400390625,74.2783203125
417,2024-09-16 04:04:08,5668.445,5633.08984375,35.35498046875,5671.038,5618.259765625,52.7783203125
418,2024-11-15 21:14:16,5864.3413,5870.6201171875,6.27880859375,5873.5054,5870.6201171875,2.88525390625
419,2024-11-19 11:41:23,5851.0396,5916.97998046875,65.9404296875,5861.085,5948.7099609375,87.625
420,2024-10-05 16:00:00,5858.7734,5751.06982421875,107.70361328125,5868.31,5695.93994140625,172.3701171875
421,2024-11-19 05:24:55,5821.2935,5916.97998046875,95.6865234375,5833.7095,5948.7099609375,115.00048828125
422,2024-10-10 06:23:30,5899.8076,5780.0498046875,119.7578125,5906.3936,5815.02978515625,91.36376953125
423,2024-10-29 05:30:00,5820.1143,5832.919921875,12.8056640625,5832.643,5705.4501953125,127.19287109375
424,2024-11-17 14:00:04,5790.2476,5870.6201171875,80.37255859375,5798.908,5916.97998046875,118.07177734375
425,2024-10-29 18:13:10,5788.7173,5832.919921875,44.20263671875,5797.2866,5705.4501953125,91.83642578125
426,2024-10-24 08:05:00,5871.1157,5809.85986328125,61.255859375,5879.7964,5808.1201171875,71.67626953125
427,2024-10-10 20:08:06,5847.8735,5780.0498046875,67.82373046875,5858.1284,5815.02978515625,43.0986328125
428,2024-10-03 10:53:02,5783.543,5699.93994140625,83.60302734375,5791.8027,5751.06982421875,40.73291015625
429,2024-11-18 07:39:26,5727.869,5893.6201171875,165.7509765625,5733.276,5917.10986328125,183.833984375
430,2024-11-22 10:45:00,5760.717,5969.33984375,208.623046875,5767.6787,5969.33984375,201.6611328125
431,2024-10-20 13:37:00,5703.616,5864.669921875,161.0537109375,5707.875,5851.2001953125,143.3251953125
432,2024-11-02 17:00:16,5793.9336,5728.7998046875,65.1337890625,5802.928,5712.68994140625,90.23828125
433,2024-10-15 05:35:04,5756.4316,5815.259765625,58.828125,5763.191,5841.47021484375,78.279296875
434,2024-11-07 03:15:16,5945.73,5973.10009765625,27.3701171875,5948.9883,5995.5400390625,46.5517578125
435,2024-10-08 11:30:00,5813.962,5751.1298828125,62.83203125,5825.6587,5780.0498046875,45.60888671875
436,2024-11-01 13:50:00,5763.059,5728.7998046875,34.25927734375,5770.132,5728.7998046875,41.33203125
437,2024-09-26 09:57:22,5728.306,5745.3701171875,17.06396484375,5733.734,5738.169921875,4.43603515625
438,2024-11-21 15:46:04,5804.6943,5948.7099609375,144.015625,5815.007,5969.33984375,154.3330078125
439,2024-11-05 05:53:01,5806.174,5782.759765625,23.4140625,5816.672,5973.10009765625,156.42822265625
440,2024-10-16 01:46:57,5863.872,5842.47021484375,21.40185546875,5873.0664,5864.669921875,8.396484375
441,2024-09-20 00:15:00,5811.133,5702.5498046875,108.5830078125,5822.2544,5702.5498046875,119.70458984375
442,2024-11-21 19:15:23,5772.691,5948.7099609375,176.01904296875,5780.301,5969.33984375,189.0390625
443,2024-11-12 08:00:00,5849.1567,5983.990234375,134.83349609375,5859.326,5949.169921875,89.84375
444,2024-11-04 05:30:05,5786.391,5712.68994140625,73.701171875,5794.8213,5929.0400390625,134.21875
445,2024-11-18 05:35:03,5848.416,5893.6201171875,45.2041015625,5858.635,5917.10986328125,58.47509765625
446,2024-11-05 08:00:00,5824.0874,5782.759765625,41.32763671875,5835.6597,5973.10009765625,137.4404296875
447,2024-11-17 08:00:00,5778.093,5870.6201171875,92.52734375,5786.0264,5916.97998046875,130.95361328125
448,2024-11-17 13:00:01,5806.325,5870.6201171875,64.294921875,5816.843,5916.97998046875,100.13720703125
449,2024-09-25 17:36:01,5861.2583,5722.259765625,138.99853515625,5870.629,5738.169921875,132.458984375
450,2024-11-25 08:35:04,5879.1626,5987.3701171875,108.20751953125,5887.256,5998.740234375,111.484375
451,2024-10-28 07:02:27,5846.7563,5823.52001953125,23.236328125,5857.086,5813.669921875,43.416015625
452,2024-09-26 17:30:15,5792.948,5745.3701171875,47.578125,5801.8325,5738.169921875,63.66259765625
453,2024-10-26 08:30:00,5786.496,5808.1201171875,21.6240234375,5794.9326,5823.52001953125,28.58740234375
454,2024-10-22 06:30:00,5794.3193,5851.2001953125,56.880859375,5803.3555,5809.85986328125,6.50439453125
455,2024-11-19 09:33:00,5831.718,5916.97998046875,85.26220703125,5843.038,5948.7099609375,105.671875
456,2024-11-06 13:30:00,5855.911,5929.0400390625,73.12890625,5865.636,5995.5400390625,129.90380859375
457,2024-10-24 21:07:00,5805.5254,5809.85986328125,4.33447265625,5815.9414,5808.1201171875,7.8212890625
458,2024-11-01 13:48:49,5853.3467,5728.7998046875,124.546875,5863.24,5728.7998046875,134.4404296875
459,2024-09-24 10:40:04,5778.728,5732.93017578125,45.7978515625,5786.6997,5745.3701171875,41.32958984375
460,2024-10-23 16:23:59,5740.0713,5797.419921875,57.3486328125,5746.0557,5808.1201171875,62.064453125
461,2024-10-08 07:15:50,5813.132,5751.1298828125,62.001953125,5824.671,5780.0498046875,44.62109375
462,2024-10-24 06:18:41,5809.584,5809.85986328125,0.27587890625,5820.5127,5808.1201171875,12.392578125
463,2024-09-26 09:00:00,5799.894,5745.3701171875,54.52392578125,5809.6084,5738.169921875,71.4384765625
464,2024-11-26 08:00:00,5816.692,6021.6298828125,204.93798828125,5828.906,5998.740234375,169.83447265625
465,2024-10-19 09:06:00,5861.278,5864.669921875,3.39208984375,5870.6475,5853.97998046875,16.66748046875
466,2024-11-26 18:46:32,5869.488,6021.6298828125,152.14208984375,5878.288,5998.740234375,120.4521484375
467,2024-10-20 13:15:57,5909.3145,5864.669921875,44.64453125,5915.208,5851.2001953125,64.0078125
468,2024-11-26 16:42:22,5909.6484,6021.6298828125,111.9814453125,5915.518,5998.740234375,83.22216796875
469,2024-10-04 15:45:00,5853.71,5751.06982421875,102.64013671875,5863.5796,5751.06982421875,112.509765625
470,2024-11-14 09:35:15,5851.951,5949.169921875,97.21875,5861.9365,5870.6201171875,8.68359375
471,2024-09-19 03:15:22,5804.7144,5713.64013671875,91.07421875,5815.0293,5702.5498046875,112.4794921875
472,2024-09-26 15:30:55,5823.6724,5745.3701171875,78.30224609375,5835.399,5738.169921875,97.22900390625
473,2024-11-20 07:52:06,5816.616,5917.10986328125,100.49365234375,5828.8135,5969.33984375,140.5263671875
474,2024-10-22 07:45:00,5808.068,5851.2001953125,43.13232421875,5818.8057,5809.85986328125,8.94580078125
475,2024-10-14 14:14:40,5867.91,5859.85009765625,8.06005859375,5876.825,5842.47021484375,34.35498046875
476,2024-11-11 09:10:00,5934.905,6001.35009765625,66.4453125,5938.9424,5985.3798828125,46.4375
477,2024-09-25 19:30:00,5788.7,5722.259765625,66.4404296875,5797.2686,5738.169921875,59.0986328125
478,2024-10-08 08:21:00,5814.589,5751.1298828125,63.458984375,5826.4014,5780.0498046875,46.3515625
479,2024-11-21 08:00:00,5851.026,5948.7099609375,97.68408203125,5861.0723,5969.33984375,108.267578125
480,2024-10-04 13:00:00,5825.569,5751.06982421875,74.4990234375,5836.6396,5751.06982421875,85.56982421875
481,2024-11-12 11:00:00,5803.1206,5983.990234375,180.86962890625,5813.2373,5949.169921875,135.9326171875
482,2024-10-29 21:41:32,5814.9404,5832.919921875,17.9794921875,5826.8184,5705.4501953125,121.3681640625
483,2024-10-29 13:56:07,5813.3057,5832.919921875,19.6142578125,5824.881,5705.4501953125,119.4306640625
484,2024-10-06 14:15:00,5903.2974,5751.06982421875,152.2275390625,5909.6294,5751.1298828125,158.49951171875
485,2024-10-04 14:00:44,5754.824,5751.06982421875,3.75439453125,5761.5073,5751.06982421875,10.4375
486,2024-11-14 18:01:00,5861.6113,5949.169921875,87.55859375,5870.9585,5870.6201171875,0.33837890625
487,2024-11-15 12:00:53,5732.731,5870.6201171875,137.88916015625,5738.3677,5870.6201171875,132.25244140625
488,2024-09-25 15:48:15,5811.4614,5722.259765625,89.20166015625,5822.6245,5738.169921875,84.45458984375
489,2024-09-26 09:05:02,5821.3604,5745.3701171875,75.990234375,5833.7656,5738.169921875,95.595703125
490,2024-10-03 06:30:04,5829.818,5699.93994140625,129.8779296875,5841.0806,5751.06982421875,90.0107421875
491,2024-10-23 08:12:49,5868.306,5797.419921875,70.88623046875,5877.192,5808.1201171875,69.07177734375
492,2024-11-14 14:31:59,5852.255,5949.169921875,96.9150390625,5862.22,5870.6201171875,8.39990234375
493,2024-10-29 23:53:28,5858.794,5832.919921875,25.8740234375,5868.3296,5705.4501953125,162.87939453125
494,2024-10-18 17:02:45,5804.1963,5864.669921875,60.4736328125,5814.4473,5864.669921875,50.22265625
495,2024-11-14 04:54:44,5896.482,5949.169921875,52.68798828125,5903.3096,5870.6201171875,32.689453125
496,2024-11-25 18:45:25,5904.633,5987.3701171875,82.7373046875,5910.869,5998.740234375,87.87109375
497,2024-09-26 04:22:12,5804.1333,5745.3701171875,58.76318359375,5814.3765,5738.169921875,76.20654296875
498,2024-09-24 16:03:22,5753.339,5732.93017578125,20.40869140625,5759.951,5745.3701171875,14.5810546875
499,2024-11-07 15:03:24,5771.697,5973.10009765625,201.4033203125,5779.2476,5995.5400390625,216.29248046875
500,2024-11-06 21:09:04,5779.728,5929.0400390625,149.31201171875,5787.7593,5995.5400390625,207.78076171875
501,2024-09-24 16:02:13,5804.974,5732.93017578125,72.0439453125,5815.322,5745.3701171875,69.95166015625
502,2024-11-15 23:03:25,5816.589,5870.6201171875,54.03125,5828.781,5870.6201171875,41.83935546875
503,2024-10-22 13:49:21,5809.7227,5851.2001953125,41.4775390625,5820.668,5809.85986328125,10.80810546875
504,2024-09-28 17:51:09,5766.97,5738.169921875,28.80029296875,5774.24,5762.47998046875,11.76025390625
505,2024-10-30 05:35:03,5959.76,5813.669921875,146.08984375,5962.0083,5728.7998046875,233.20849609375
506,2024-09-18 02:18:39,5821.7397,5618.259765625,203.47998046875,5834.0723,5702.5498046875,131.5224609375
507,2024-09-24 17:54:31,5861.7036,5732.93017578125,128.7734375,5871.0444,5745.3701171875,125.67431640625
508,2024-11-26 12:17:15,5847.522,6021.6298828125,174.10791015625,5857.8,5998.740234375,140.9404296875
509,2024-11-11 08:00:00,5781.7993,6001.35009765625,219.55078125,5789.9546,5985.3798828125,195.42529296875
510,2024-10-06 05:10:31,5842.9785,5751.06982421875,91.90869140625,5853.55,5751.1298828125,102.419921875
511,2024-09-25 16:47:53,5907.41,5722.259765625,185.150390625,5913.4424,5738.169921875,175.2724609375
512,2024-11-13 18:00:21,5951.501,5985.3798828125,33.87890625,5954.3433,5870.6201171875,83.72314453125
513,2024-11-22 22:58:00,5779.6934,5969.33984375,189.646484375,5787.7227,5969.33984375,181.6171875
514,2024-11-26 14:47:27,5943.962,6021.6298828125,77.66796875,5947.348,5998.740234375,51.39208984375
515,2024-11-18 13:15:26,5908.629,5893.6201171875,15.0087890625,5914.5737,5917.10986328125,2.5361328125
516,2024-11-14 14:36:57,5861.6514,5949.169921875,87.5185546875,5870.996,5870.6201171875,0.3759765625
517,2024-11-11 14:07:42,5817.4214,6001.35009765625,183.9287109375,5829.761,5985.3798828125,155.61865234375
518,2024-11-15 16:32:28,5848.076,5870.6201171875,22.5439453125,5858.3174,5870.6201171875,12.302734375
519,2024-11-08 12:50:06,5813.808,5995.5400390625,181.73193359375,5825.476,5995.5400390625,170.06396484375
520,2024-11-21 03:47:22,5805.068,5948.7099609375,143.64208984375,5815.4272,5969.33984375,153.91259765625
521,2024-10-05 03:01:02,5806.615,5751.06982421875,55.54541015625,5817.1694,5695.93994140625,121.2294921875
522,2024-10-18 13:01:25,5740.716,5864.669921875,123.9541015625,5746.731,5864.669921875,117.93896484375
523,2024-11-11 06:47:00,5908.999,6001.35009765625,92.35107421875,5914.915,5985.3798828125,70.46484375
524,2024-10-10 17:30:17,5793.498,5780.0498046875,13.4482421875,5802.4443,5815.02978515625,12.58544921875
525,2024-10-30 03:21:00,5795.719,5813.669921875,17.95068359375,5804.903,5728.7998046875,76.10302734375
526,2024-11-03 11:00:10,5818.8643,5728.7998046875,90.064453125,5831.323,5782.759765625,48.5634765625
527,2024-10-24 21:12:00,5851.3735,5809.85986328125,41.513671875,5861.397,5808.1201171875,53.27685546875
528,2024-09-17 16:00:33,5813.8975,5634.580078125,179.3173828125,5825.582,5713.64013671875,111.94189453125
529,2024-09-30 08:13:00,5787.9204,5762.47998046875,25.4404296875,5796.442,5709.5400390625,86.90185546875
530,2024-11-11 16:32:07,5817.0176,6001.35009765625,184.33251953125,5829.3037,5985.3798828125,156.076171875
531,2024-09-23 12:49:20,5862.7324,5718.56982421875,144.16259765625,5872.0044,5722.259765625,149.74462890625
532,2024-10-11 17:08:16,5779.471,5815.02978515625,35.55859375,5787.4873,5815.02978515625,27.54248046875
533,2024-10-23 16:30:30,5794.1313,5797.419921875,3.28857421875,5803.1475,5808.1201171875,4.97265625
534,2024-11-06 04:34:52,5769.2427,5929.0400390625,159.79736328125,5776.6465,5995.5400390625,218.8935546875
535,2024-11-05 18:15:00,5756.142,5782.759765625,26.61767578125,5762.887,5973.10009765625,210.212890625
536,2024-09-25 17:44:00,5794.8706,5722.259765625,72.61083984375,5803.965,5738.169921875,65.794921875
537,2024-11-25 13:30:41,5908.454,5987.3701171875,78.916015625,5914.4106,5998.740234375,84.32958984375
538,2024-10-14 08:14:58,5852.6934,5859.85009765625,7.15673828125,5862.63,5842.47021484375,20.15966796875
539,2024-10-16 07:00:00,5876.917,5842.47021484375,34.44677734375,5885.175,5864.669921875,20.5048828125
540,2024-09-24 02:39:42,5803.543,5732.93017578125,70.61279296875,5813.7124,5745.3701171875,68.34228515625
541,2024-11-15 11:10:00,5904.6265,5870.6201171875,34.00634765625,5910.863,5870.6201171875,40.24267578125
542,2024-09-21 17:13:00,5810.661,5702.5498046875,108.111328125,5821.7227,5718.56982421875,103.15283203125
543,2024-11-15 10:25:00,5847.7744,5870.6201171875,22.845703125,5858.036,5870.6201171875,12.583984375
544,2024-10-17 10:30:00,5778.4595,5841.47021484375,63.0107421875,5786.4146,5864.669921875,78.25537109375
545,2024-10-27 10:20:00,5924.3706,5808.1201171875,116.25048828125,5929.168,5832.919921875,96.248046875
546,2024-10-17 16:52:05,5828.949,5841.47021484375,12.52099609375,5840.004,5864.669921875,24.666015625
547,2024-10-21 15:45:35,5859.458,5853.97998046875,5.47802734375,5868.949,5797.419921875,71.529296875
548,2024-10-17 15:07:41,5872.5435,5841.47021484375,31.0732421875,5881.119,5864.669921875,16.44921875
549,2024-11-05 03:15:13,5928.1855,5782.759765625,145.42578125,5932.7075,5973.10009765625,40.392578125
550,2024-09-17 07:46:37,5852.8906,5634.580078125,218.310546875,5862.8145,5713.64013671875,149.17431640625
551,2024-10-22 04:01:01,5904.7104,5851.2001953125,53.51025390625,5910.939,5809.85986328125,101.0791015625
552,2024-10-25 12:00:00,5816.6196,5808.1201171875,8.49951171875,5828.818,5808.1201171875,20.69775390625
553,2024-10-22 13:53:00,5867.601,5851.2001953125,16.40087890625,5876.5386,5809.85986328125,66.6787109375
554,2024-11-19 15:15:50,5813.915,5916.97998046875,103.06494140625,5825.603,5948.7099609375,123.10693359375
555,2024-10-29 05:35:03,5784.769,5832.919921875,48.15087890625,5793.102,5705.4501953125,87.65185546875
556,2024-10-06 16:21:00,5813.1694,5751.06982421875,62.099609375,5824.7173,5751.1298828125,73.58740234375
557,2024-09-23 00:35:29,5697.165,5718.56982421875,21.40478515625,5701.118,5722.259765625,21.1416015625
558,2024-09-26 06:25:18,5814.5283,5745.3701171875,69.158203125,5826.3296,5738.169921875,88.15966796875
559,2024-11-09 16:15:00,5765.1553,5995.5400390625,230.384765625,5772.3296,6001.35009765625,229.0205078125
560,2024-11-06 08:25:42,5880.494,5929.0400390625,48.5458984375,5888.4907,5995.5400390625,107.04931640625
561,2024-10-25 19:01:25,5824.5156,5808.1201171875,16.3955078125,5835.912,5808.1201171875,27.7919921875
562,2024-09-27 14:05:00,5798.4917,5738.169921875,60.32177734375,5808.025,5738.169921875,69.85498046875
563,2024-11-13 18:38:59,5810.239,5985.3798828125,175.14111328125,5821.246,5870.6201171875,49.3740234375
564,2024-11-26 13:10:09,5856.1353,6021.6298828125,165.49462890625,5865.845,5998.740234375,132.89501953125
565,2024-09-24 07:00:00,5854.489,5732.93017578125,121.55859375,5864.307,5745.3701171875,118.93701171875
566,2024-10-08 07:05:00,5812.7886,5751.1298828125,61.65869140625,5824.25,5780.0498046875,44.2001953125
567,2024-10-24 14:45:40,5808.2954,5809.85986328125,1.564453125,5819.0625,5808.1201171875,10.9423828125
568,2024-09-21 22:42:00,5822.4106,5702.5498046875,119.86083984375,5834.549,5718.56982421875,115.97900390625
569,2024-09-17 13:21:19,5851.688,5634.580078125,217.10791015625,5861.691,5713.64013671875,148.05078125
570,2024-09-20 11:30:19,5760.977,5702.5498046875,58.42724609375,5767.951,5702.5498046875,65.4013671875
571,2024-10-04 18:33:07,5739.978,5751.06982421875,11.091796875,5745.958,5751.06982421875,5.11181640625
572,2024-11-02 16:00:00,5754.7515,5728.7998046875,25.95166015625,5761.431,5712.68994140625,48.7412109375
573,2024-10-15 03:38:46,5808.8657,5815.259765625,6.39404296875,5819.705,5841.47021484375,21.76513671875
574,2024-11-01 14:06:56,5787.9106,5728.7998046875,59.11083984375,5796.4316,5728.7998046875,67.6318359375
575,2024-09-23 12:48:59,5817.583,5718.56982421875,99.01318359375,5829.9385,5722.259765625,107.6787109375
576,2024-11-05 17:26:57,5855.008,5782.759765625,72.248046875,5864.7925,5973.10009765625,108.3076171875
577,2024-10-30 11:30:00,5802.2583,5813.669921875,11.41162109375,5812.2676,5728.7998046875,83.4677734375
578,2024-09-26 16:30:24,5764.893,5745.3701171875,19.52294921875,5772.053,5738.169921875,33.88330078125
579,2024-11-05 11:08:42,5859.833,5782.759765625,77.0732421875,5869.2993,5973.10009765625,103.80078125
580,2024-09-27 14:02:22,5922.725,5738.169921875,184.55517578125,5927.642,5738.169921875,189.47216796875
581,2024-10-23 14:27:59,5844.944,5797.419921875,47.52392578125,5855.394,5808.1201171875,47.27392578125
582,2024-10-22 02:20:21,5866.5786,5851.2001953125,15.37841796875,5875.591,5809.85986328125,65.73095703125
583,2024-09-20 14:40:39,5903.0156,5702.5498046875,200.4658203125,5909.369,5702.5498046875,206.8193359375
584,2024-10-28 14:30:43,5766.781,5823.52001953125,56.7392578125,5774.0405,5813.669921875,39.62939453125
585,2024-11-26 11:00:00,5853.172,6021.6298828125,168.4580078125,5863.077,5998.740234375,135.6630859375
586,2024-11-06 17:00:41,5805.6064,5929.0400390625,123.43359375,5816.0327,5995.5400390625,179.50732421875
587,2024-11-05 09:01:14,5920.56,5782.759765625,137.80029296875,5925.634,5973.10009765625,47.46630859375
588,2024-11-21 19:10:02,5779.5435,5948.7099609375,169.16650390625,5787.564,5969.33984375,181.77587890625
589,2024-09-19 07:06:44,5763.732,5713.64013671875,50.091796875,5770.837,5702.5498046875,68.287109375
590,2024-09-24 02:48:02,5804.2197,5732.93017578125,71.28955078125,5814.473,5745.3701171875,69.10302734375
591,2024-11-19 13:26:42,5796.6587,5916.97998046875,120.3212890625,5805.9507,5948.7099609375,142.75927734375
592,2024-10-29 20:24:12,5790.468,5832.919921875,42.4521484375,5799.142,5705.4501953125,93.69189453125
593,2024-10-29 07:06:00,5817.746,5832.919921875,15.173828125,5830.1157,5705.4501953125,124.66552734375
594,2024-11-22 13:50:24,5914.0303,5969.33984375,55.3095703125,5919.579,5969.33984375,49.7607421875
595,2024-10-29 22:26:46,5819.443,5832.919921875,13.47705078125,5831.9424,5705.4501953125,126.4921875
596,2024-09-30 14:56:12,5862.752,5762.47998046875,100.27197265625,5872.022,5709.5400390625,162.48193359375
597,2024-10-31 09:48:29,5776.3945,5705.4501953125,70.9443359375,5784.2266,5728.7998046875,55.4267578125
598,2024-10-16 07:00:00,5793.4854,5842.47021484375,48.98486328125,5802.4297,5864.669921875,62.240234375
599,2024-10-30 07:27:13,5817.9766,5813.669921875,4.306640625,5830.3657,5728.7998046875,101.56591796875
600,2024-11-05 09:04:22,5881.3364,5782.759765625,98.57666015625,5889.271,5973.10009765625,83.8291015625
601,2024-10-02 07:52:00,5857.276,5709.5400390625,147.73583984375,5866.911,5751.06982421875,115.84130859375
602,2024-10-08 00:24:00,5866.2915,5751.1298828125,115.16162109375,5875.323,5780.0498046875,95.2734375
603,2024-11-17 09:15:00,5761.4106,5870.6201171875,109.20947265625,5768.4053,5916.97998046875,148.57470703125
604,2024-11-20 04:31:12,5808.229,5917.10986328125,108.880859375,5818.9873,5969.33984375,150.3525390625
605,2024-11-26 17:38:31,5872.009,6021.6298828125,149.62109375,5880.6245,5998.740234375,118.11572265625
606,2024-10-30 19:30:21,5893.075,5813.669921875,79.4052734375,5900.154,5728.7998046875,171.35400390625
607,2024-11-15 21:14:50,5811.5674,5870.6201171875,59.052734375,5822.753,5870.6201171875,47.8671875
608,2024-10-10 16:30:30,5815.554,5780.0498046875,35.50439453125,5827.5464,5815.02978515625,12.5166015625
609,2024-10-03 06:48:00,5781.1714,5699.93994140625,81.2314453125,5789.2896,5751.06982421875,38.2197265625
610,2024-11-10 13:10:18,5862.106,5995.5400390625,133.43408203125,5871.42,5983.990234375,112.5703125
611,2024-09-23 16:12:21,5688.249,5718.56982421875,30.32080078125,5691.78,5722.259765625,30.47998046875
612,2024-11-07 15:02:57,5847.0493,5973.10009765625,126.05078125,5857.359,5995.5400390625,138.18115234375
613,2024-11-11 07:01:00,5874.852,6001.35009765625,126.498046875,5883.2593,5985.3798828125,102.12060546875
614,2024-10-15 13:09:51,5800.807,5815.259765625,14.45263671875,5810.6353,5841.47021484375,30.8349609375
615,2024-10-01 10:01:01,5797.1265,5708.75,88.37646484375,5806.48,5699.93994140625,106.5400390625
616,2024-11-17 11:30:24,5883.6562,5870.6201171875,13.0361328125,5891.4224,5916.97998046875,25.5576171875
617,2024-10-24 20:16:24,5785.7173,5809.85986328125,24.142578125,5794.1074,5808.1201171875,14.0126953125
618,2024-09-29 14:34:22,5819.038,5738.169921875,80.8681640625,5831.509,5708.75,122.7587890625
619,2024-11-07 11:30:00,5933.5615,5973.10009765625,39.53857421875,5937.6953,5995.5400390625,57.8447265625
620,2024-10-31 07:04:46,5821.316,5705.4501953125,115.86572265625,5833.7285,5728.7998046875,104.9287109375
621,2024-10-23 06:23:35,5870.8164,5797.419921875,73.396484375,5879.5186,5808.1201171875,71.3984375
622,2024-09-23 16:11:48,5807.683,5718.56982421875,89.11328125,5818.3726,5722.259765625,96.11279296875
623,2024-10-22 11:36:17,5787.9546,5851.2001953125,63.24560546875,5796.4785,5809.85986328125,13.38134765625
624,2024-10-18 17:51:23,5887.9272,5864.669921875,23.25732421875,5895.381,5864.669921875,30.7109375
625,2024-11-05 11:13:33,5841.626,5782.759765625,58.8662109375,5852.281,5973.10009765625,120.8193359375
626,2024-09-23 10:00:00,5908.977,5718.56982421875,190.4072265625,5914.8945,5722.259765625,192.634765625
627,2024-10-17 15:08:23,5789.53,5841.47021484375,51.9404296875,5798.1475,5864.669921875,66.5224609375
628,2024-11-17 09:00:03,5895.6294,5870.6201171875,25.00927734375,5902.521,5916.97998046875,14.458984375
629,2024-11-06 17:00:45,5726.4014,5929.0400390625,202.638671875,5731.739,5995.5400390625,263.80126953125
630,2024-10-04 16:32:41,5787.252,5751.06982421875,36.18212890625,5795.734,5751.06982421875,44.6640625
631,2024-09-24 22:45:27,5932.3936,5732.93017578125,199.46337890625,5936.611,5745.3701171875,191.24072265625
632,2024-10-09 20:02:38,5821.3975,5792.0400390625,29.357421875,5833.7964,5815.02978515625,18.7666015625
633,2024-10-24 16:05:42,5686.8184,5809.85986328125,123.04150390625,5690.2812,5808.1201171875,117.8388671875
634,2024-09-17 10:06:24,5789.4395,5634.580078125,154.859375,5798.0522,5713.64013671875,84.412109375
635,2024-09-26 13:44:43,5739.163,5745.3701171875,6.20703125,5745.1045,5738.169921875,6.9345703125
636,2024-11-16 23:00:00,5709.3433,5870.6201171875,161.27685546875,5713.8726,5893.6201171875,179.74755859375
637,2024-10-28 09:48:32,5805.6323,5823.52001953125,17.8876953125,5816.0625,5813.669921875,2.392578125
638,2024-11-19 19:45:34,5704.427,5916.97998046875,212.55322265625,5708.7236,5948.7099609375,239.986328125
639,2024-10-14 04:01:03,5723.8535,5859.85009765625,135.99658203125,5729.0703,5842.47021484375,113.39990234375
640,2024-11-07 08:30:04,5940.55,5973.10009765625,32.55029296875,5944.181,5995.5400390625,51.35888671875
641,2024-11-07 11:30:00,5898.388,5973.10009765625,74.7119140625,5905.0786,5995.5400390625,90.46142578125
642,2024-09-16 12:45:00,5801.2734,5633.08984375,168.18359375,5811.1597,5618.259765625,192.89990234375
643,2024-10-23 02:46:41,5803.1562,5797.419921875,5.736328125,5813.2773,5808.1201171875,5.1572265625
644,2024-10-04 21:31:00,5775.0674,5751.06982421875,23.99755859375,5782.82,5751.06982421875,31.75
645,2024-10-29 03:49:15,5826.9644,5832.919921875,5.95556640625,5837.9185,5705.4501953125,132.46826171875
646,2024-10-02 14:38:37,5855.3286,5709.5400390625,145.78857421875,5865.092,5751.06982421875,114.02197265625
647,2024-10-04 13:00:15,5816.8413,5751.06982421875,65.771484375,5829.0884,5751.06982421875,78.0185546875
648,2024-11-16 23:36:00,5909.2915,5870.6201171875,38.67138671875,5915.1875,5893.6201171875,21.5673828125
649,2024-10-06 09:24:00,5879.0093,5751.06982421875,127.939453125,5887.1143,5751.1298828125,135.984375
650,2024-11-26 12:10:30,5842.1245,6021.6298828125,179.50537109375,5852.7495,5998.740234375,145.99072265625
651,2024-09-23 13:46:07,5792.855,5718.56982421875,74.28515625,5801.729,5722.259765625,79.46923828125
652,2024-10-18 10:45:45,5784.3984,5864.669921875,80.271484375,5792.7095,5864.669921875,71.96044921875
653,2024-09-24 02:52:32,5818.738,5732.93017578125,85.8076171875,5831.1885,5745.3701171875,85.818359375
654,2024-10-17 10:30:05,5715.4263,5841.47021484375,126.0439453125,5720.2437,5864.669921875,144.42626953125
655,2024-10-22 14:40:48,5857.708,5851.2001953125,6.5078125,5867.315,5809.85986328125,57.455078125
656,2024-09-25 15:56:07,5854.291,5722.259765625,132.03125,5864.1226,5738.169921875,125.95263671875
657,2024-10-03 10:00:00,5782.516,5699.93994140625,82.576171875,5790.7144,5751.06982421875,39.64453125
658,2024-10-28 18:45:16,5883.9585,5823.52001953125,60.4384765625,5891.703,5813.669921875,78.033203125
659,2024-10-19 01:28:56,5799.873,5864.669921875,64.796875,5809.585,5853.97998046875,44.39501953125
660,2024-09-24 21:44:00,5799.4067,5732.93017578125,66.4765625,5809.0605,5745.3701171875,63.6904296875
661,2024-09-26 14:24:44,5784.646,5745.3701171875,39.27587890625,5792.9717,5738.169921875,54.8017578125
662,2024-10-24 17:17:54,5755.737,5809.85986328125,54.123046875,5762.463,5808.1201171875,45.6572265625
663,2024-10-06 14:01:23,5812.352,5751.06982421875,61.2822265625,5823.7144,5751.1298828125,72.58447265625
664,2024-10-31 10:30:00,5888.3057,5705.4501953125,182.85546875,5895.731,5728.7998046875,166.93115234375
665,2024-10-09 08:16:00,5811.776,5792.0400390625,19.73583984375,5823.008,5815.02978515625,7.97802734375
666,2024-10-18 10:45:00,5822.4614,5864.669921875,42.20849609375,5834.582,5864.669921875,30.087890625
667,2024-11-13 06:09:21,5792.2295,5985.3798828125,193.150390625,5801.0415,5870.6201171875,69.57861328125
668,2024-10-06 19:00:06,5773.2114,5751.06982421875,22.1416015625,5780.8525,5751.1298828125,29.72265625
669,2024-11-15 14:30:26,5855.8105,5870.6201171875,14.8095703125,5865.542,5870.6201171875,5.078125
670,2024-11-20 13:09:45,5854.6895,5917.10986328125,62.42041015625,5864.4946,5969.33984375,104.84521484375
671,2024-10-29 19:02:52,5854.3154,5832.919921875,21.3955078125,5864.1455,5705.4501953125,158.6953125
672,2024-10-28 07:12:51,5690.084,5823.52001953125,133.43603515625,5693.7017,5813.669921875,119.96826171875
673,2024-10-29 18:20:01,5859.387,5832.919921875,26.46728515625,5868.8833,5705.4501953125,163.43310546875
674,2024-11-05 03:04:20,5816.9365,5782.759765625,34.1767578125,5829.2046,5973.10009765625,143.8955078125
675,2024-10-20 15:01:02,5741.64,5864.669921875,123.02978515625,5747.699,5851.2001953125,103.5009765625
676,2024-10-10 19:03:49,5810.2344,5780.0498046875,30.1845703125,5821.241,5815.02978515625,6.21142578125
677,2024-11-06 21:10:22,5793.0127,5929.0400390625,136.02734375,5801.9043,5995.5400390625,193.6357421875
678,2024-09-28 11:47:41,5781.931,5738.169921875,43.76123046875,5790.094,5762.47998046875,27.6142578125
679,2024-10-20 09:50:00,5897.191,5864.669921875,32.52099609375,5903.9683,5851.2001953125,52.76806640625
680,2024-10-29 20:23:13,5767.193,5832.919921875,65.72705078125,5774.474,5705.4501953125,69.02392578125
681,2024-10-18 18:01:12,5910.921,5864.669921875,46.2509765625,5916.698,5864.669921875,52.0283203125
682,2024-10-20 12:52:26,5853.9365,5864.669921875,10.7333984375,5863.7915,5851.2001953125,12.59130859375
683,2024-10-30 07:51:52,5913.285,5813.669921875,99.615234375,5918.889,5728.7998046875,190.08935546875
684,2024-09-23 10:46:02,5864.366,5718.56982421875,145.79638671875,5873.5283,5722.259765625,151.2685546875
685,2024-10-30 11:12:00,5852.5376,5813.669921875,38.86767578125,5862.4844,5728.7998046875,133.6845703125
686,2024-10-10 10:30:00,5746.821,5780.0498046875,33.22900390625,5753.125,5815.02978515625,61.90478515625
687,2024-11-12 11:00:56,5841.901,5983.990234375,142.08935546875,5852.539,5949.169921875,96.630859375
688,2024-10-01 10:15:00,5841.148,5708.75,132.39794921875,5851.833,5699.93994140625,151.89306640625
689,2024-11-05 03:05:46,5804.921,5782.759765625,22.1611328125,5815.2617,5973.10009765625,157.83837890625
690,2024-11-02 14:30:15,5849.4907,5728.7998046875,120.69091796875,5859.6387,5712.68994140625,146.94873046875
691,2024-09-29 13:45:00,5814.3545,5738.169921875,76.1845703125,5826.1235,5708.75,117.37353515625
692,2024-10-05 15:00:00,5805.1865,5751.06982421875,54.11669921875,5815.561,5695.93994140625,119.62109375
693,2024-10-23 13:37:00,5854.4717,5797.419921875,57.0517578125,5864.2915,5808.1201171875,56.17138671875
694,2024-09-26 12:01:46,5917.365,5745.3701171875,171.9951171875,5922.6733,5738.169921875,184.50341796875
695,2024-11-21 13:00:12,5902.5117,5948.7099609375,46.1982421875,5908.901,5969.33984375,60.43896484375
696,2024-11-13 22:50:00,5836.9355,5985.3798828125,148.4443359375,5847.95,5870.6201171875,22.669921875
697,2024-09-20 11:13:22,5869.922,5702.5498046875,167.3720703125,5878.6904,5702.5498046875,176.140625
698,2024-11-11 12:00:38,5814.1577,6001.35009765625,187.1923828125,5825.8906,5985.3798828125,159.4892578125
699,2024-10-04 23:55:29,5775.1255,5751.06982421875,24.0556640625,5782.881,5751.06982421875,31.81103515625
700,2024-11-21 10:45:00,5763.944,5948.7099609375,184.76611328125,5771.0586,5969.33984375,198.28125
701,2024-09-29 13:03:00,5761.2007,5738.169921875,23.03076171875,5768.1855,5708.75,59.435546875
702,2024-10-22 14:45:11,5950.512,5851.2001953125,99.31201171875,5953.426,5809.85986328125,143.56591796875
703,2024-09-16 06:35:33,5815.185,5633.08984375,182.09521484375,5827.109,5618.259765625,208.84912109375
704,2024-09-23 05:24:00,5800.9033,5718.56982421875,82.33349609375,5810.7437,5722.259765625,88.48388671875
705,2024-11-07 02:45:06,5904.9385,5973.10009765625,68.16162109375,5911.152,5995.5400390625,84.38818359375
706,2024-11-07 12:42:08,5994.102,5973.10009765625,21.001953125,5993.876,5995.5400390625,1.6640625
707,2024-11-14 18:01:05,5843.012,5949.169921875,106.15771484375,5853.582,5870.6201171875,17.0380859375
708,2024-11-21 08:00:00,5955.5513,5948.7099609375,6.84130859375,5958.1006,5969.33984375,11.2392578125
709,2024-10-03 07:27:02,5730.269,5699.93994140625,30.3291015625,5735.7896,5751.06982421875,15.2802734375
710,2024-11-17 09:00:02,5856.3633,5870.6201171875,14.2568359375,5866.0586,5916.97998046875,50.92138671875
711,2024-10-20 13:00:00,5848.7646,5864.669921875,15.9052734375,5858.9604,5851.2001953125,7.76025390625
712,2024-11-25 19:31:01,5814.7,5987.3701171875,172.669921875,5826.5337,5998.740234375,172.20654296875
713,2024-10-02 03:49:28,5738.5273,5709.5400390625,28.9873046875,5744.439,5751.06982421875,6.630859375
714,2024-11-09 16:07:00,5938.9863,5995.5400390625,56.5537109375,5942.7285,6001.35009765625,58.62158203125
715,2024-11-22 18:03:45,5886.9937,5969.33984375,82.34619140625,5894.516,5969.33984375,74.82373046875
716,2024-11-10 13:36:00,5788.802,5995.5400390625,206.73828125,5797.376,5983.990234375,186.6142578125
717,2024-11-05 06:45:21,5804.732,5782.759765625,21.97216796875,5815.05,5973.10009765625,158.05029296875
718,2024-11-03 11:30:00,5776.3535,5728.7998046875,47.5537109375,5784.1826,5782.759765625,1.4228515625
719,2024-10-26 12:40:49,5754.9585,5808.1201171875,53.16162109375,5761.648,5823.52001953125,61.8720703125
720,2024-11-21 15:40:46,5809.3022,5948.7099609375,139.40771484375,5820.197,5969.33984375,149.14306640625
721,2024-11-17 14:20:43,5797.628,5870.6201171875,72.9921875,5807.048,5916.97998046875,109.93212890625
722,2024-09-17 16:00:01,5815.859,5634.580078125,181.27880859375,5827.9062,5713.64013671875,114.26611328125
723,2024-11-25 18:38:05,5790.274,5987.3701171875,197.09619140625,5798.937,5998.740234375,199.80322265625
724,2024-10-28 09:31:21,5851.3647,5823.52001953125,27.8447265625,5861.389,5813.669921875,47.71923828125
725,2024-10-01 10:00:56,5790.6562,5708.75,81.90625,5799.342,5699.93994140625,99.40185546875
726,2024-09-16 02:00:13,5793.3516,5633.08984375,160.26171875,5802.2812,5618.259765625,184.021484375
727,2024-11-04 08:43:22,5918.4326,5712.68994140625,205.74267578125,5923.6616,5929.0400390625,5.37841796875
728,2024-09-25 17:45:00,5791.719,5722.259765625,69.45947265625,5800.4844,5738.169921875,62.314453125
729,2024-11-21 13:00:45,5817.3623,5948.7099609375,131.34765625,5829.697,5969.33984375,139.64306640625
730,2024-11-05 06:07:14,5816.728,5782.759765625,33.96826171875,5828.95,5973.10009765625,144.14990234375
731,2024-10-04 16:32:46,5791.813,5751.06982421875,40.7431640625,5800.586,5751.06982421875,49.51611328125
732,2024-11-15 18:31:05,5793.3584,5870.6201171875,77.26171875,5802.2886,5870.6201171875,68.33154296875
733,2024-10-27 12:24:47,5814.223,5808.1201171875,6.10302734375,5825.968,5832.919921875,6.9521484375
734,2024-10-14 06:00:00,5913.352,5859.85009765625,53.501953125,5918.9517,5842.47021484375,76.4814453125
735,2024-10-17 07:00:00,5773.8135,5841.47021484375,67.65673828125,5781.4907,5864.669921875,83.17919921875
736,2024-11-12 07:12:39,5901.908,5983.990234375,82.08203125,5908.3433,5949.169921875,40.82666015625
737,2024-11-16 16:13:31,5811.876,5870.6201171875,58.744140625,5823.131,5893.6201171875,70.4892578125
738,2024-10-10 16:23:59,5794.6157,5780.0498046875,14.56591796875,5803.6826,5815.02978515625,11.34716796875
739,2024-09-24 17:47:00,5790.168,5732.93017578125,57.23779296875,5798.8247,5745.3701171875,53.45458984375
740,2024-11-19 16:19:10,5862.1465,5916.97998046875,54.83349609375,5871.457,5948.7099609375,77.2529296875
741,2024-11-14 18:01:05,5848.742,5949.169921875,100.427734375,5858.9395,5870.6201171875,11.6806640625
742,2024-10-02 01:58:09,5825.755,5709.5400390625,116.21484375,5836.807,5751.06982421875,85.7373046875
743,2024-11-19 19:45:39,5811.368,5916.97998046875,105.61181640625,5822.52,5948.7099609375,126.18994140625
744,2024-10-21 04:59:48,5816.026,5853.97998046875,37.9541015625,5828.104,5797.419921875,30.68408203125
745,2024-10-20 14:05:00,5836.6777,5864.669921875,27.9921875,5847.7163,5851.2001953125,3.48388671875
746,2024-11-20 05:28:00,5808.503,5917.10986328125,108.60693359375,5819.2964,5969.33984375,150.04345703125
747,2024-10-14 14:01:27,5953.186,5859.85009765625,93.3359375,5955.9077,5842.47021484375,113.4375
748,2024-11-11 15:01:53,5855.5483,6001.35009765625,145.8017578125,5865.297,5985.3798828125,120.0830078125
749,2024-11-17 07:31:03,5842.078,5870.6201171875,28.5419921875,5852.7046,5916.97998046875,64.275390625
750,2024-09-29 10:45:00,5742.234,5738.169921875,4.06396484375,5748.321,5708.75,39.57080078125
751,2024-09-25 19:28:12,5843.052,5722.259765625,120.7919921875,5853.619,5738.169921875,115.44921875
752,2024-10-10 19:04:45,5821.9736,5780.0498046875,41.923828125,5834.242,5815.02978515625,19.21240234375
753,2024-11-12 14:47:05,5856.513,5983.990234375,127.47705078125,5866.1987,5949.169921875,82.97119140625
754,2024-10-18 13:00:50,5916.7983,5864.669921875,52.12841796875,5922.1465,5864.669921875,57.4765625
755,2024-10-16 11:34:15,5796.3984,5842.47021484375,46.07177734375,5805.6562,5864.669921875,59.013671875
756,2024-10-22 08:00:00,5834.902,5851.2001953125,16.29833984375,5845.963,5809.85986328125,36.10302734375
757,2024-10-08 07:27:00,5802.865,5751.1298828125,51.7353515625,5812.95,5780.0498046875,32.900390625
758,2024-09-29 13:20:00,5749.978,5738.169921875,11.80810546875,5756.4316,5708.75,47.681640625
759,2024-11-03 11:00:01,5920.1777,5728.7998046875,191.3779296875,5925.28,5782.759765625,142.52001953125
760,2024-10-01 05:59:35,5815.9585,5708.75,107.20849609375,5828.0244,5699.93994140625,128.08447265625
761,2024-10-30 02:45:45,5814.7847,5813.669921875,1.11474609375,5826.634,5728.7998046875,97.833984375
762,2024-10-04 15:46:21,5804.7715,5751.06982421875,53.70166015625,5815.0938,5751.06982421875,64.02392578125
763,2024-09-26 17:24:56,5810.4556,5745.3701171875,65.08544921875,5821.4907,5738.169921875,83.32080078125
764,2024-09-16 12:01:54,5931.3716,5633.08984375,298.28173828125,5935.6646,5618.259765625,317.40478515625
765,2024-10-02 05:30:00,5779.037,5709.5400390625,69.4970703125,5787.0273,5751.06982421875,35.95751953125
766,2024-11-11 08:16:00,5931.74,6001.35009765625,69.60986328125,5936.0063,5985.3798828125,49.37353515625
767,2024-10-09 03:07:01,5873.132,5792.0400390625,81.091796875,5881.665,5815.02978515625,66.63525390625
768,2024-11-16 19:30:00,5913.052,5870.6201171875,42.431640625,5918.6733,5893.6201171875,25.05322265625
769,2024-11-24 19:00:00,5860.1753,5969.33984375,109.16455078125,5869.619,6021.6298828125,152.0107421875
770,2024-11-05 16:30:00,5920.796,5782.759765625,138.0361328125,5925.851,5973.10009765625,47.2490234375
771,2024-11-18 13:15:16,5909.01,5893.6201171875,15.3896484375,5914.927,5917.10986328125,2.18310546875
772,2024-10-15 01:15:00,5810.4785,5815.259765625,4.78125,5821.516,5841.47021484375,19.9541015625
773,2024-11-14 16:00:33,5935.962,5949.169921875,13.2080078125,5939.924,5870.6201171875,69.3037109375
774,2024-10-14 13:15:00,5781.9707,5859.85009765625,77.87939453125,5790.1367,5842.47021484375,52.33349609375
775,2024-10-11 17:21:19,5858.6465,5815.02978515625,43.61669921875,5868.192,5815.02978515625,53.162109375
776,2024-09-24 10:30:00,5817.884,5732.93017578125,84.95361328125,5830.2656,5745.3701171875,84.8955078125
777,2024-09-17 15:08:34,5881.9966,5634.580078125,247.41650390625,5889.8823,5713.64013671875,176.2421875
778,2024-11-15 12:01:09,5792.997,5870.6201171875,77.623046875,5801.887,5870.6201171875,68.73291015625
779,2024-11-23 00:30:59,5865.356,5969.33984375,103.98388671875,5874.4517,5987.3701171875,112.91845703125
780,2024-09-27 14:05:47,5790.5093,5738.169921875,52.33935546875,5799.186,5738.169921875,61.01611328125
781,2024-10-17 16:06:00,5855.1577,5841.47021484375,13.6875,5864.9326,5864.669921875,0.2626953125
782,2024-11-17 16:10:58,5881.084,5870.6201171875,10.4638671875,5889.036,5916.97998046875,27.94384765625
783,2024-10-10 16:24:25,5802.1743,5780.0498046875,22.12451171875,5812.1733,5815.02978515625,2.8564453125
784,2024-10-31 08:07:43,5748.949,5705.4501953125,43.4990234375,5755.3545,5728.7998046875,26.5546875
785,2024-10-10 21:34:00,5773.4956,5780.0498046875,6.55419921875,5781.154,5815.02978515625,33.8759765625
786,2024-11-12 03:41:38,5917.5376,5983.990234375,66.45263671875,5922.8315,5949.169921875,26.33837890625
787,2024-09-28 22:30:00,5818.4727,5738.169921875,80.302734375,5830.896,5762.47998046875,68.416015625
788,2024-11-04 04:45:54,5878.9277,5712.68994140625,166.23779296875,5887.037,5929.0400390625,42.0029296875
789,2024-11-03 11:00:00,5904.991,5728.7998046875,176.19140625,5911.2007,5782.759765625,128.44091796875
790,2024-10-30 06:51:29,5820.3013,5813.669921875,6.63134765625,5832.8237,5728.7998046875,104.02392578125
791,2024-11-26 13:01:30,5765.6626,6021.6298828125,255.96728515625,5772.864,5998.740234375,225.87646484375
792,2024-10-31 12:40:53,5815.4395,5705.4501953125,109.9892578125,5827.411,5728.7998046875,98.611328125
793,2024-11-11 19:15:44,5850.069,6001.35009765625,151.28125,5860.1787,5985.3798828125,125.201171875
794,2024-11-11 06:01:49,5944.9614,6001.35009765625,56.388671875,5948.2754,5985.3798828125,37.1044921875
795,2024-11-26 11:13:40,5938.5454,6021.6298828125,83.08447265625,5942.3203,5998.740234375,56.419921875
796,2024-11-15 19:22:29,5816.507,5870.6201171875,54.11328125,5828.68,5870.6201171875,41.93994140625
797,2024-11-12 08:00:00,5797.4873,5983.990234375,186.5029296875,5806.8887,5949.169921875,142.28125
798,2024-09-24 07:53:42,5922.008,5732.93017578125,189.07763671875,5926.9766,5745.3701171875,181.6064453125
799,2024-11-19 09:31:23,5835.423,5916.97998046875,81.55712890625,5846.4976,5948.7099609375,102.21240234375
800,2024-11-14 03:03:00,5724.8745,5949.169921875,224.29541015625,5730.1396,5870.6201171875,140.48046875
801,2024-10-15 13:07:49,5819.2324,5815.259765625,3.97265625,5831.7163,5841.47021484375,9.75390625
802,2024-11-05 08:21:25,5921.1167,5782.759765625,138.35693359375,5926.1494,5973.10009765625,46.95068359375
803,2024-10-30 01:49:23,5793.9106,5813.669921875,19.75927734375,5802.9023,5728.7998046875,74.1025390625
804,2024-10-20 12:00:06,5814.2197,5864.669921875,50.4501953125,5825.9644,5851.2001953125,25.23583984375
805,2024-11-16 15:15:00,5868.628,5870.6201171875,1.9921875,5877.491,5893.6201171875,16.12890625
806,2024-09-20 14:35:09,5835.056,5702.5498046875,132.50634765625,5846.1216,5702.5498046875,143.57177734375
807,2024-11-03 10:00:00,5798.939,5728.7998046875,70.13916015625,5808.5312,5782.759765625,25.771484375
808,2024-11-03 10:00:40,5864.5747,5728.7998046875,135.77490234375,5873.723,5782.759765625,90.96337890625
809,2024-10-29 10:04:00,5947.7725,5832.919921875,114.8525390625,5950.8823,5705.4501953125,245.43212890625
810,2024-10-15 10:30:00,5800.7373,5815.259765625,14.5224609375,5810.557,5841.47021484375,30.9130859375
811,2024-10-20 12:23:00,5739.698,5864.669921875,124.9716796875,5745.665,5851.2001953125,105.53515625
812,2024-11-15 19:15:32,5875.6514,5870.6201171875,5.03125,5884.002,5870.6201171875,13.3818359375
813,2024-10-30 07:35:37,5908.988,5813.669921875,95.31787109375,5914.906,5728.7998046875,186.10595703125
814,2024-10-23 07:05:44,5858.035,5797.419921875,60.615234375,5867.6206,5808.1201171875,59.50048828125
815,2024-11-18 11:30:00,5857.8325,5893.6201171875,35.78759765625,5867.431,5917.10986328125,49.6787109375
816,2024-10-01 05:31:55,5779.9717,5708.75,71.2216796875,5788.0176,5699.93994140625,88.07763671875
817,2024-11-20 09:40:46,5823.2847,5917.10986328125,93.8251953125,5835.1465,5969.33984375,134.193359375
818,2024-11-21 06:05:03,5800.9805,5948.7099609375,147.7294921875,5810.8306,5969.33984375,158.50927734375
819,2024-10-14 13:17:00,5771.666,5859.85009765625,88.18408203125,5779.2144,5842.47021484375,63.255859375
820,2024-10-10 14:03:00,5823.315,5780.0498046875,43.26513671875,5835.168,5815.02978515625,20.13818359375
821,2024-10-16 03:49:01,5902.921,5842.47021484375,60.45068359375,5909.2812,5864.669921875,44.611328125
822,2024-11-09 17:33:15,5806.208,5995.5400390625,189.33203125,5816.7104,6001.35009765625,184.6396484375
823,2024-10-11 07:23:00,5792.413,5815.02978515625,22.61669921875,5801.243,5815.02978515625,13.78662109375
824,2024-09-23 16:09:31,5761.1924,5718.56982421875,42.62255859375,5768.177,5722.259765625,45.9169921875
825,2024-09-24 10:27:17,5807.0347,5732.93017578125,74.1044921875,5817.6416,5745.3701171875,72.271484375
826,2024-11-12 03:01:07,5851.3574,5983.990234375,132.6328125,5861.3823,5949.169921875,87.78759765625
827,2024-10-26 12:18:45,5800.598,5808.1201171875,7.52197265625,5810.401,5823.52001953125,13.119140625
828,2024-09-20 01:05:03,5820.435,5702.5498046875,117.88525390625,5832.949,5702.5498046875,130.3994140625
829,2024-10-19 09:15:00,5858.0225,5864.669921875,6.6474609375,5867.6084,5853.97998046875,13.62841796875
830,2024-11-21 18:20:21,5947.946,5948.7099609375,0.76416015625,5951.0444,5969.33984375,18.29541015625
831,2024-11-26 21:05:28,5938.896,6021.6298828125,82.73388671875,5942.646,5998.740234375,56.09423828125
832,2024-10-03 10:30:00,5798.376,5699.93994140625,98.43603515625,5807.894,5751.06982421875,56.82421875
833,2024-11-14 00:03:00,5833.697,5949.169921875,115.47314453125,5844.803,5870.6201171875,25.81689453125
834,2024-11-11 12:01:06,5790.869,6001.35009765625,210.48095703125,5799.568,5985.3798828125,185.81201171875
835,2024-10-26 12:34:43,5851.695,5808.1201171875,43.57470703125,5861.6973,5823.52001953125,38.17724609375
836,2024-09-17 15:05:00,5864.456,5634.580078125,229.8759765625,5873.6123,5713.64013671875,159.97216796875
837,2024-11-14 16:00:58,5898.0615,5949.169921875,51.1083984375,5904.777,5870.6201171875,34.15673828125
838,2024-10-17 06:08:54,5803.8525,5841.47021484375,37.61767578125,5814.0605,5864.669921875,50.609375
839,2024-11-21 15:45:18,5821.566,5948.7099609375,127.14404296875,5833.936,5969.33984375,135.40380859375
840,2024-10-31 21:01:00,5773.103,5705.4501953125,67.65283203125,5780.738,5728.7998046875,51.93798828125
841,2024-10-06 19:50:25,5791.606,5751.06982421875,40.5361328125,5800.362,5751.1298828125,49.23193359375
842,2024-09-24 08:06:00,5784.949,5732.93017578125,52.01904296875,5793.293,5745.3701171875,47.9228515625
843,2024-09-20 14:32:04,5781.542,5702.5498046875,78.9921875,5789.682,5702.5498046875,87.13232421875
844,2024-11-10 14:00:00,5864.27,5995.5400390625,131.27001953125,5873.439,5983.990234375,110.55126953125
845,2024-11-02 17:22:38,5853.649,5728.7998046875,124.84912109375,5863.5225,5712.68994140625,150.83251953125
846,2024-11-20 15:42:42,5876.078,5917.10986328125,41.03173828125,5884.397,5969.33984375,84.94287109375
847,2024-09-25 16:43:38,5875.2974,5722.259765625,153.03759765625,5883.6733,5738.169921875,145.50341796875
848,2024-10-16 02:58:00,5791.7334,5842.47021484375,50.73681640625,5800.4995,5864.669921875,64.17041015625
849,2024-10-31 12:00:00,5914.6646,5705.4501953125,209.21435546875,5920.168,5728.7998046875,191.3681640625
850,2024-10-07 19:45:25,5810.593,5695.93994140625,114.65283203125,5821.645,5792.0400390625,29.60498046875
851,2024-09-28 14:37:00,5856.133,5738.169921875,117.962890625,5865.8433,5762.47998046875,103.36328125
852,2024-10-01 07:51:08,5815.0513,5708.75,106.30126953125,5826.95,5699.93994140625,127.01025390625
853,2024-11-22 23:53:10,5853.7363,5969.33984375,115.603515625,5863.6045,5969.33984375,105.7353515625
854,2024-10-23 04:16:34,5822.7324,5797.419921875,25.3125,5834.7656,5808.1201171875,26.6455078125
855,2024-09-25 17:37:43,5723.432,5722.259765625,1.17236328125,5728.629,5738.169921875,9.541015625
856,2024-09-16 11:00:00,5813.33,5633.08984375,180.240234375,5824.9097,5618.259765625,206.64990234375
857,2024-11-14 02:35:05,5809.5703,5949.169921875,139.599609375,5820.497,5870.6201171875,50.123046875
858,2024-10-15 03:10:17,5850.9595,5815.259765625,35.69970703125,5861.0103,5841.47021484375,19.5400390625
859,2024-09-26 15:34:00,5761.7983,5745.3701171875,16.42822265625,5768.8115,5738.169921875,30.6416015625
860,2024-10-07 19:34:42,5843.4243,5695.93994140625,147.484375,5853.9683,5792.0400390625,61.92822265625
861,2024-10-09 07:00:00,5755.7217,5792.0400390625,36.318359375,5762.4473,5815.02978515625,52.58251953125
862,2024-10-18 22:44:53,5803.3623,5864.669921875,61.3076171875,5813.5093,5864.669921875,51.16064453125
863,2024-10-10 08:19:00,5831.022,5780.0498046875,50.97216796875,5842.3477,5815.02978515625,27.31787109375
864,2024-11-22 13:45:00,5863.231,5969.33984375,106.10888671875,5872.469,5969.33984375,96.87060546875
865,2024-09-25 19:35:08,5798.439,5722.259765625,76.17919921875,5807.9653,5738.169921875,69.79541015625
866,2024-10-04 21:32:00,5817.1934,5751.06982421875,66.12353515625,5829.51,5751.06982421875,78.43994140625
867,2024-09-24 17:48:13,5919.87,5732.93017578125,186.93994140625,5924.995,5745.3701171875,179.625
868,2024-09-30 14:45:42,5860.1567,5762.47998046875,97.6767578125,5869.6016,5709.5400390625,160.0615234375
869,2024-11-11 09:05:51,5760.6025,6001.35009765625,240.74755859375,5767.559,5985.3798828125,217.82080078125
870,2024-11-14 14:24:36,5855.2324,5949.169921875,93.9375,5865.002,5870.6201171875,5.6181640625
871,2024-11-13 20:20:25,5878.4844,5985.3798828125,106.8955078125,5886.6274,5870.6201171875,16.00732421875
872,2024-11-24 18:45:04,5809.75,5969.33984375,159.58984375,5820.698,6021.6298828125,200.931640625
873,2024-11-06 16:02:30,5912.2905,5929.0400390625,16.74951171875,5917.9673,5995.5400390625,77.57275390625
874,2024-11-25 18:04:23,5994.2744,5987.3701171875,6.904296875,5994.0347,5998.740234375,4.70556640625
875,2024-11-14 11:20:32,5852.1074,5949.169921875,97.0625,5862.083,5870.6201171875,8.537109375
